leagueId,queueType,tier,rank,summonerId,summonerName,leaguePoints,wins,losses,veteran,inactive,freshBlood,hotStreak
c60807e8-6afb-38fd-ab9b-ae8588dc8b27,RANKED_SOLO_5x5,CHALLENGER,I,EZwPcT5Oo08Z3R4fq-0Y597A44kgdRKIYmDE_D3s3oVQOmVR,hate it here,1567,433,325,True,False,False,False
c60807e8-6afb-38fd-ab9b-ae8588dc8b27,RANKED_SOLO_5x5,CHALLENGER,I,xWdPCSMbOi7HOVuE2ORINwcNVLrKJkkVhc1xD3YBGplMoxg,Revenge,1493,501,417,True,False,False,False
c60807e8-6afb-38fd-ab9b-ae8588dc8b27,RANKED_SOLO_5x5,CHALLENGER,I,xiBfW9RTubh5xAuBUcihPOMMbusd9jicXSQKrEwRIOqYLlmr,Robert de Boron,1417,439,370,True,False,False,False
c60807e8-6afb-38fd-ab9b-ae8588dc8b27,RANKED_SOLO_5x5,CHALLENGER,I,6FUCE-3F884s26fai3xzEh48cJbk41s2HDDUMs7cTrjoQIA,qpalzmwoiaj,1344,585,514,True,False,False,False
c60807e8-6afb-38fd-ab9b-ae8588dc8b27,RANKED_SOLO_5x5,CHALLENGER,I,gT0YRsmbTUL1hV6jw94QPtW2aUCSp7xbpB79_BrzLTEaDTg,PantsAreFacebook,1298,346,264,True,False,False,False
c60807e8-6afb-38fd-ab9b-ae8588dc8b27,RANKED_SOLO_5x5,CHALLENGER,I,idaWJCoYoQp-GROn_tpPfyZ0FdSC84_HHv8LlyDO1R2YwSc,John5un,1238,498,433,True,False,False,False
c60807e8-6afb-38fd-ab9b-ae8588dc8b27,RANKED_SOLO_5x5,CHALLENGER,I,Wfb7vyag0hEIX48o2fzVCWSnxK3kIhJjyhjP4wVC6cLVrjg,rjsdndgod,1195,1024,944,True,False,False,False
c60807e8-6afb-38fd-ab9b-ae8588dc8b27,RANKED_SOLO_5x5,CHALLENGER,I,i07jEyAYbRGWqPfRP__zsbkrb3dIR_EbvH1SOQkgi-eYZ15T,KEITH EXOTIC,1195,196,125,True,False,False,False
c60807e8-6afb-38fd-ab9b-ae8588dc8b27,RANKED_SOLO_5x5,CHALLENGER,I,Fvd_at4ro80WADvxVxM6q8mcxXevxUfG0nmWpJZN--ddEEE,Sheiden,1188,231,142,True,False,False,False
c60807e8-6afb-38fd-ab9b-ae8588dc8b27,RANKED_SOLO_5x5,CHALLENGER,I,gKFv69WMwmz70L1pnLB0JCwxjzfV0-3UdLio_-OBHzAeQBwy,SHEIDEN99,1186,267,159,True,False,False,False
c60807e8-6afb-38fd-ab9b-ae8588dc8b27,RANKED_SOLO_5x5,CHALLENGER,I,t5sIh_OA_ErESY9ium9XcRpws-GO6vOIF2Wcn1c0PjqfPjU,Spawwwwn,1168,584,535,True,False,False,True
c60807e8-6afb-38fd-ab9b-ae8588dc8b27,RANKED_SOLO_5x5,CHALLENGER,I,s1tQPSaMQp9cW_0UpAguacubg16h-msuz2opcFtXr3uXdog,Vakin2,1153,270,210,True,False,False,False
c60807e8-6afb-38fd-ab9b-ae8588dc8b27,RANKED_SOLO_5x5,CHALLENGER,I,yoOhtgW3Gaubfi9dMTw3okfh10f8NfeVNun-CH5STB59Auw,blaberfish2,1147,332,260,True,False,False,False
c60807e8-6afb-38fd-ab9b-ae8588dc8b27,RANKED_SOLO_5x5,CHALLENGER,I,4rlaQNmSJCdaEPO5tcyjGzJ1dnGvukce0-fB7ldeiBPyL1E,jojopyun 16,1145,192,127,True,False,False,True
c60807e8-6afb-38fd-ab9b-ae8588dc8b27,RANKED_SOLO_5x5,CHALLENGER,I,9pqYjSZZO__50l2ryF4As7x3mmdqRAUipRNEZ56lLqUKg02u,VX Arendel,1138,234,177,True,False,False,False
c60807e8-6afb-38fd-ab9b-ae8588dc8b27,RANKED_SOLO_5x5,CHALLENGER,I,ecs5Hq6lS_cyqrNOiAjRoWPrJGpXjarhVjky6rsNSCAqYds8,Giyuu zzz,1120,457,396,True,False,False,True
c60807e8-6afb-38fd-ab9b-ae8588dc8b27,RANKED_SOLO_5x5,CHALLENGER,I,1kEiQVsEoykSv0popf9vSuiJR3OyQm-m5DV5WFyfNIr9cts,WXX HREB2020,1115,190,138,True,False,False,True
c60807e8-6afb-38fd-ab9b-ae8588dc8b27,RANKED_SOLO_5x5,CHALLENGER,I,iLSmomPoNGMt7R9qA1XkEsEwnfebdB6LykrSHgHK32JrUJ8,Sophist Sage,1101,548,502,True,False,False,False
c60807e8-6afb-38fd-ab9b-ae8588dc8b27,RANKED_SOLO_5x5,CHALLENGER,I,J1P6SX3YwuKOzGiN0P86Xfjg7fyXm0u77oJG1NLFoQCul4M,Viber,1097,294,243,True,False,False,False
c60807e8-6afb-38fd-ab9b-ae8588dc8b27,RANKED_SOLO_5x5,CHALLENGER,I,-gHo7YA6wHNvi_q5ibf9-7tnRNGvhbxF-51MZ9oC3VCKD2ij,First Kyu,1096,432,377,True,False,False,True
c60807e8-6afb-38fd-ab9b-ae8588dc8b27,RANKED_SOLO_5x5,CHALLENGER,I,UljWWcCQNoz2NprmmP_IFo5mDKjG10FXDm9mJ7-1TASqvzc,General Sniper,1096,423,361,True,False,False,False
c60807e8-6afb-38fd-ab9b-ae8588dc8b27,RANKED_SOLO_5x5,CHALLENGER,I,ouvCCW9wtrRNLliHTCuRl5E9sZogdLssULZs8zn8VfRAx5xY,100 Yeon,1083,488,341,True,False,False,False
c60807e8-6afb-38fd-ab9b-ae8588dc8b27,RANKED_SOLO_5x5,CHALLENGER,I,iSRzWeXjrEmW6m0OWSDfIBkek2cP6qkLCq06Bc-qJxfv9Ls,100 Tenacity,1068,292,183,True,False,False,False
c60807e8-6afb-38fd-ab9b-ae8588dc8b27,RANKED_SOLO_5x5,CHALLENGER,I,D0YloLJpFzVDP31Nhabao7Ae-IJrjtb3laV3Wm-ase9pRbh-,Closer54,1061,569,508,True,False,False,True
c60807e8-6afb-38fd-ab9b-ae8588dc8b27,RANKED_SOLO_5x5,CHALLENGER,I,vtOhWNQsXV39ymXRDMjD2srqLa7o5CDzKDhTv3w5IBVWYv4,OSHMKUFA,1058,190,134,True,False,False,True
c60807e8-6afb-38fd-ab9b-ae8588dc8b27,RANKED_SOLO_5x5,CHALLENGER,I,swlF6RKfLxn9t7f46Fv1jzIKRNdIB0EGZPE2IL3tNUduYyw,stuntopolis,1056,261,216,True,False,False,False
c60807e8-6afb-38fd-ab9b-ae8588dc8b27,RANKED_SOLO_5x5,CHALLENGER,I,a2caKiNU1l0B7ZH3ATGGx6BfsJ1bI6pSbZDxEQ0Yz4Bj-hwQ,TwitchTv Revenge,1051,333,272,True,False,False,True
c60807e8-6afb-38fd-ab9b-ae8588dc8b27,RANKED_SOLO_5x5,CHALLENGER,I,bJ-m9SNmDNppG4MvF1-_gs3TDM-VUbTkTW3gArs5GshXG30,Nim Chimpsky,1037,464,416,True,False,False,False
c60807e8-6afb-38fd-ab9b-ae8588dc8b27,RANKED_SOLO_5x5,CHALLENGER,I,uYkQjoGPyXzL_lC6NRn-Q8LHAfg7fN6IhqVzNS2kQc-ogyU,Repobah,1019,243,195,True,False,False,False
c60807e8-6afb-38fd-ab9b-ae8588dc8b27,RANKED_SOLO_5x5,CHALLENGER,I,S-PohDAz9AL9lCUUotLQD1pYnQ957heoFeiNWVHDDaamxoQ,Cupic,1016,353,286,True,False,False,False
c60807e8-6afb-38fd-ab9b-ae8588dc8b27,RANKED_SOLO_5x5,CHALLENGER,I,diirWTrLifUVQIMwPP93hZr52LLcZip633GvqENmhm2WX5E,PantsAreYouTube,1015,354,277,True,False,False,False
c60807e8-6afb-38fd-ab9b-ae8588dc8b27,RANKED_SOLO_5x5,CHALLENGER,I,0t-WaloqNPjWsBfVja1NaIJbr9J8HFWkm29_9gKEuW1on48,5fire,1007,318,281,True,False,False,True
c60807e8-6afb-38fd-ab9b-ae8588dc8b27,RANKED_SOLO_5x5,CHALLENGER,I,8K0QlIDu58wec4gnve7OoZC7z19ytjYwWfyGZavP1T2JBDo,Uma Jan pupil,1000,527,467,True,False,False,False
c60807e8-6afb-38fd-ab9b-ae8588dc8b27,RANKED_SOLO_5x5,CHALLENGER,I,qbhP-muAJs-KCjDKtz16dUgCxeboi-1RtT9tP4xsebdFsot4-RrH36ZSmw,act0r,1000,171,113,True,False,False,True
c60807e8-6afb-38fd-ab9b-ae8588dc8b27,RANKED_SOLO_5x5,CHALLENGER,I,dF169U5MXuPMZVBi3KnYuZmQD9OeDv5nja5_ThGl-pwaY2M,Breezyyy,987,371,327,True,False,False,False
c60807e8-6afb-38fd-ab9b-ae8588dc8b27,RANKED_SOLO_5x5,CHALLENGER,I,f3D-wwDhke2zxW0t3Z7eX3V-7MhmfomeCrs1TdIM9539w8I,ONETRICKPOLICE,976,224,180,True,False,False,True
c60807e8-6afb-38fd-ab9b-ae8588dc8b27,RANKED_SOLO_5x5,CHALLENGER,I,03W803nmbvcNYkfBIhkPjHMuqSElJizANkp_gpfHZmnnAnQ,DARK WlNGS,971,355,304,True,False,False,False
c60807e8-6afb-38fd-ab9b-ae8588dc8b27,RANKED_SOLO_5x5,CHALLENGER,I,CkKg3YA4QuUTqQ9XPPSx1f6hVPzh4Xqig0u3UZ7nxNS95t8,GibIe,969,399,339,True,False,False,False
c60807e8-6afb-38fd-ab9b-ae8588dc8b27,RANKED_SOLO_5x5,CHALLENGER,I,_xbwEzJWuHYtWMVvFEPxv2zjpbhlSv5p0TYP5mUNnQbLnMk,Spawn1,962,299,238,False,False,False,False
c60807e8-6afb-38fd-ab9b-ae8588dc8b27,RANKED_SOLO_5x5,CHALLENGER,I,rgBaRDBSUPUTtGaDVeH2fpEpOK94VOYoomhs3vrjZvxnVqM,Tuesdayy,960,816,758,True,False,False,True
c60807e8-6afb-38fd-ab9b-ae8588dc8b27,RANKED_SOLO_5x5,CHALLENGER,I,EwAD36wcDRkSYhzFZwTd2bQh3XgT-2CEZvygBS974CltRqc,Cxa,960,459,399,True,False,False,False
c60807e8-6afb-38fd-ab9b-ae8588dc8b27,RANKED_SOLO_5x5,CHALLENGER,I,Z9TZ1yopyrIF8sUw_TAAU7oUV-0gxZUU0JxEvWrZUPgHHII,5tunt,960,439,399,True,False,False,False
c60807e8-6afb-38fd-ab9b-ae8588dc8b27,RANKED_SOLO_5x5,CHALLENGER,I,_wJ6Ck3P5KMuz2lekSC78eqCpHh3tjInzhiQf0XIinyfrj8,NA american,956,164,99,True,False,False,False
c60807e8-6afb-38fd-ab9b-ae8588dc8b27,RANKED_SOLO_5x5,CHALLENGER,I,5wluE5arpu-YCdKQH0BRHOpgnQy17tO8GqNd756RzqwvXuM,Pants are Dragon,955,237,172,False,False,False,False
c60807e8-6afb-38fd-ab9b-ae8588dc8b27,RANKED_SOLO_5x5,CHALLENGER,I,KjEPxBIIvYmAtIAkktTsOm1AoZed-RiA8sdLhvWr-ZK9jIU,Cazamareas,947,212,150,False,False,False,False
c60807e8-6afb-38fd-ab9b-ae8588dc8b27,RANKED_SOLO_5x5,CHALLENGER,I,rwz1AbnGmE9axRLOX8ZVHGW7H1BELwAsh7PHIDb2boOrcJA,Bíg T,940,403,344,False,False,False,True
c60807e8-6afb-38fd-ab9b-ae8588dc8b27,RANKED_SOLO_5x5,CHALLENGER,I,X0SpdzlfeBOqlDsdV_ry6Fgn4a6wPqa_u7x7seqBVZSzfvU,Ina,937,242,195,True,False,False,False
c60807e8-6afb-38fd-ab9b-ae8588dc8b27,RANKED_SOLO_5x5,CHALLENGER,I,ebU-KYzZT53riWfaoj4H2IfB2HNFRd7SXyytTW_KA4cXX2A,Fizzi,933,372,312,True,False,False,False
c60807e8-6afb-38fd-ab9b-ae8588dc8b27,RANKED_SOLO_5x5,CHALLENGER,I,BpBuryGlyBm4nq1vjQ5rh-NzHFZxuSzR_osIiIYizZ2ZDQc,Spurge,932,309,236,True,False,False,False
c60807e8-6afb-38fd-ab9b-ae8588dc8b27,RANKED_SOLO_5x5,CHALLENGER,I,C8ec_4weIRxTd4GQk0NOcP7f8G5RcMGQl1zIXLHGMMc39CM,Renyu ˇuˇ,926,285,245,False,False,False,False
c60807e8-6afb-38fd-ab9b-ae8588dc8b27,RANKED_SOLO_5x5,CHALLENGER,I,Ej8OSKc3SC9qAggqwthjIEqvPxEQjZRH94iTcqkNWqSfyALl,LFT TOP,923,311,257,True,False,False,True
c60807e8-6afb-38fd-ab9b-ae8588dc8b27,RANKED_SOLO_5x5,CHALLENGER,I,2s5uL0YAS7999UqDG7E4XBCK1NsduvpybE95Qs6Mx7C7kp4,eXyu,922,774,717,True,False,False,False
c60807e8-6afb-38fd-ab9b-ae8588dc8b27,RANKED_SOLO_5x5,CHALLENGER,I,D0mu21tq1SeabzlAwi0Js9uhe1zcwWtAo_x51GfkJ52Ze4o,Drku,921,318,251,True,False,False,False
c60807e8-6afb-38fd-ab9b-ae8588dc8b27,RANKED_SOLO_5x5,CHALLENGER,I,pyZzQ0LCNnnzLxFpWzxV_nLUsAGJFsIxXUDN7cl1vDON6tRQ,a219,920,329,282,True,False,False,False
c60807e8-6afb-38fd-ab9b-ae8588dc8b27,RANKED_SOLO_5x5,CHALLENGER,I,oQwIe_U11Tjpk7ikNmQHnB3TKSfEWYzWamA667MmnHv5ecI,c2 meteos,917,440,401,True,False,False,False
c60807e8-6afb-38fd-ab9b-ae8588dc8b27,RANKED_SOLO_5x5,CHALLENGER,I,YcfoIpCDtsRPqeErW0_4E-KLZ30Haw5P02b-gkFrXzJ26OM,Wixxii,917,254,207,True,False,False,False
c60807e8-6afb-38fd-ab9b-ae8588dc8b27,RANKED_SOLO_5x5,CHALLENGER,I,5C88l1LCbbNJ_smx11ajg8z0dAhB9M38WHyiclejA1EV7QJ2,Kenv7,912,450,396,False,False,False,False
c60807e8-6afb-38fd-ab9b-ae8588dc8b27,RANKED_SOLO_5x5,CHALLENGER,I,0kn3mKKygOgAGPHgHSCQhlNQTFHpMAnTZziIBpmgpCptgLo,07 06 00,911,274,218,False,False,False,False
c60807e8-6afb-38fd-ab9b-ae8588dc8b27,RANKED_SOLO_5x5,CHALLENGER,I,BLvcGnJ3EHnN6kpWQv18Ik9d9kGN_E4CylUE5QjjMSz3s4w,elise player,904,1257,1150,True,False,False,False
c60807e8-6afb-38fd-ab9b-ae8588dc8b27,RANKED_SOLO_5x5,CHALLENGER,I,dre1QlEsPKOV7uhu_yM3v52r7HfjnZS2-cUipXo-KY3x5h8,CptShrimps,895,757,717,True,False,False,False
c60807e8-6afb-38fd-ab9b-ae8588dc8b27,RANKED_SOLO_5x5,CHALLENGER,I,RN7wLXRK9rMUL-7yrr1yIj0EKCYbXu7h52ngbQvyKlusOEY,Julien1,891,640,597,True,False,False,False
c60807e8-6afb-38fd-ab9b-ae8588dc8b27,RANKED_SOLO_5x5,CHALLENGER,I,K6ZSwRbroRC_jgpRsLfxipCaZxNE2jiCr_z_Ro8KRaMHxwM,Dragoon,882,561,497,True,False,False,False
c60807e8-6afb-38fd-ab9b-ae8588dc8b27,RANKED_SOLO_5x5,CHALLENGER,I,Ut7Xputk3U-urZCbn8olmVQ75TKVKiz0HwOFhA6AdMPwm-E,RoseThorn1,880,304,238,True,False,False,False
c60807e8-6afb-38fd-ab9b-ae8588dc8b27,RANKED_SOLO_5x5,CHALLENGER,I,fmVRSsBazkzh-exfLL8YmnirHC8xI24R3m_Qv5awMK21-8US,Sordé,877,299,238,True,False,False,False
c60807e8-6afb-38fd-ab9b-ae8588dc8b27,RANKED_SOLO_5x5,CHALLENGER,I,3dGgniCgQJwjWtm9BHMbM0XHli-OYKC-U1AekxTIiirE3C4,Zìkz,872,488,427,True,False,False,False
c60807e8-6afb-38fd-ab9b-ae8588dc8b27,RANKED_SOLO_5x5,CHALLENGER,I,bRSqIUvbV88fUbSkkWeHAZ0zF_c2peu0jm38DsjM3_IJ62k,Verge of Tears,870,233,168,False,False,False,True
c60807e8-6afb-38fd-ab9b-ae8588dc8b27,RANKED_SOLO_5x5,CHALLENGER,I,Wgg_ClJZa8yEfF-qudbbiO0aG2JiX_JTiYMYtdiXk-JwzOU,Nuri,864,181,132,True,False,False,False
c60807e8-6afb-38fd-ab9b-ae8588dc8b27,RANKED_SOLO_5x5,CHALLENGER,I,M3qmykYea_tVQwDqosmD6_riKRO7hqr58sqsW1JWV3Dwo3g,Dhokla,861,444,413,True,False,False,False
c60807e8-6afb-38fd-ab9b-ae8588dc8b27,RANKED_SOLO_5x5,CHALLENGER,I,wH-sFiFKtJKGWhqIpag_Pk0pesnm_q6P736yQYBwX7VC-YE,Engo,853,706,629,True,False,False,False
c60807e8-6afb-38fd-ab9b-ae8588dc8b27,RANKED_SOLO_5x5,CHALLENGER,I,wCwuO58owNxPxmEesqUEXiosAhZHowqb5BzePL3nxcVmsYU,SsjGod,852,589,402,False,False,False,False
c60807e8-6afb-38fd-ab9b-ae8588dc8b27,RANKED_SOLO_5x5,CHALLENGER,I,yeXKlTZtL5aMFOzID8mzCT0zVIFfGkPK5kurb1yfXnTSwZ0,Vx Mjm978244659,844,372,282,True,False,False,False
c60807e8-6afb-38fd-ab9b-ae8588dc8b27,RANKED_SOLO_5x5,CHALLENGER,I,lo0Wxx5Eq0auwxtF8kc4xB1tDQvaYlrE22vpQaSucHen4CA,freepalestine123,843,437,380,False,False,False,False
c60807e8-6afb-38fd-ab9b-ae8588dc8b27,RANKED_SOLO_5x5,CHALLENGER,I,y8O8xmhxp99dqTbpZ4DlgJCmelUJ6AEd7ZXcCeKng42ygaw,Davemon,842,304,244,False,False,False,False
c60807e8-6afb-38fd-ab9b-ae8588dc8b27,RANKED_SOLO_5x5,CHALLENGER,I,_Qk0QGNNh9UuQvyLK77FcM8015bbu_gwlE-6dC9FizIWNOs,Qwacker,841,391,356,True,False,False,False
c60807e8-6afb-38fd-ab9b-ae8588dc8b27,RANKED_SOLO_5x5,CHALLENGER,I,5_v2YO021_pBil1SBkwnbK__5WzMteXTLGfWqIa-e0IO744,O My Money,839,395,361,True,False,False,False
c60807e8-6afb-38fd-ab9b-ae8588dc8b27,RANKED_SOLO_5x5,CHALLENGER,I,vHlTM1iXiic4rHmkqGs7giHWDcqhLiZxW-EJyyTh-YQL11k,BusioC,839,246,206,False,False,False,True
c60807e8-6afb-38fd-ab9b-ae8588dc8b27,RANKED_SOLO_5x5,CHALLENGER,I,3L4lcI08Dngzer2oNjM76zzDbgKRj1FPQriik89BMwpYvFI,Tempos,836,1254,1215,True,False,False,True
c60807e8-6afb-38fd-ab9b-ae8588dc8b27,RANKED_SOLO_5x5,CHALLENGER,I,FA0NdN0DfhrRKII9jl-2MdfQ6RYDmhTMKA3G3l_pjKHaQrw,100 Copy,832,263,221,True,False,False,False
c60807e8-6afb-38fd-ab9b-ae8588dc8b27,RANKED_SOLO_5x5,CHALLENGER,I,CRgx7VnmyDLj8SX5lbQCYRHJHyy59ApIsTQLvHLlyKQvFFg,DrewDozer,827,544,493,True,False,False,False
c60807e8-6afb-38fd-ab9b-ae8588dc8b27,RANKED_SOLO_5x5,CHALLENGER,I,O-0RYuduSToZkRFWq3J_4ZyeLLSXcHsIOUG-ymiIU9lSo0I,Went,826,331,279,False,False,False,False
c60807e8-6afb-38fd-ab9b-ae8588dc8b27,RANKED_SOLO_5x5,CHALLENGER,I,8N95TV2H7sqirEnMNpOsTb6XsyfekKyywW1sNSNLUGAKNy8,Brandini,826,313,274,False,False,False,False
c60807e8-6afb-38fd-ab9b-ae8588dc8b27,RANKED_SOLO_5x5,CHALLENGER,I,YtFK6B0ch_Grf2FhZ6BYz_4MEP_HB4LedMbQQTYNPFcVHkY,Winter,826,250,209,True,False,False,False
c60807e8-6afb-38fd-ab9b-ae8588dc8b27,RANKED_SOLO_5x5,CHALLENGER,I,mlIqJpJ0189SSbGyGZc8jxGn0WeqGdBWQBvas2khtSA5-zsJ,always plan ahea,817,399,319,True,False,False,False
c60807e8-6afb-38fd-ab9b-ae8588dc8b27,RANKED_SOLO_5x5,CHALLENGER,I,ITn568ECcU1iDT3KCwrA_-qy5EL7ImKu4t8FPsNbAEII48U,Sw Dß ˆˇˉßD,817,130,74,False,False,False,False
c60807e8-6afb-38fd-ab9b-ae8588dc8b27,RANKED_SOLO_5x5,CHALLENGER,I,h24RzNYKIUAQ_WdJAVY9IThLbR5uqsZ6mozhwvgM9TrFDW-O,Zoun,811,161,77,False,False,False,True
c60807e8-6afb-38fd-ab9b-ae8588dc8b27,RANKED_SOLO_5x5,CHALLENGER,I,Tje635selkdEyJZgaiAmo6iWo2l77X1TXyYC28Je6LY-_fI,oniq,810,350,306,False,False,False,False
c60807e8-6afb-38fd-ab9b-ae8588dc8b27,RANKED_SOLO_5x5,CHALLENGER,I,RjEIJss8aIDnu9zscwN39J52eN6UfQ-rJat8Ksdp1b2ASIc,Draven696969,809,582,549,True,False,False,False
c60807e8-6afb-38fd-ab9b-ae8588dc8b27,RANKED_SOLO_5x5,CHALLENGER,I,gWXG0y-DgzXh4AeWCzxoMV7bFCDqDJGVQ56C8rU1PMkHWpo,Kumo9,805,385,347,True,False,False,False
c60807e8-6afb-38fd-ab9b-ae8588dc8b27,RANKED_SOLO_5x5,CHALLENGER,I,LupabAN9unXfy6-fruHjc2t1RQOogc20RKaebmaKUZ3foq20,Veni vidi vicì,804,586,488,True,False,False,False
c60807e8-6afb-38fd-ab9b-ae8588dc8b27,RANKED_SOLO_5x5,CHALLENGER,I,GNmAXwN6ZYpfKTwFeoyNHEn6ZK2KLdqhEJu2a1aK06dzb1E,Quantum,803,864,825,True,False,False,False
c60807e8-6afb-38fd-ab9b-ae8588dc8b27,RANKED_SOLO_5x5,CHALLENGER,I,juu9f0m0PP8gWd6HJI4eURWY9crCOyqSIQadooGqBGkw,admirable potato,803,485,446,True,False,False,True
c60807e8-6afb-38fd-ab9b-ae8588dc8b27,RANKED_SOLO_5x5,CHALLENGER,I,E-tIPOektzpLN_XlTnntWFzEI0TgO8NP9yz_FchECtuVLf9q,Yama7,802,217,120,False,False,False,False
c60807e8-6afb-38fd-ab9b-ae8588dc8b27,RANKED_SOLO_5x5,CHALLENGER,I,x73WR38OdChsop-KbDL0ToL25pjaIATwU_J_FE8Au2K0gHQ,Joey2,801,671,632,True,False,False,False
c60807e8-6afb-38fd-ab9b-ae8588dc8b27,RANKED_SOLO_5x5,CHALLENGER,I,Aj50gteXZVi0W_K4lTO7ScKfCCfBN41A_M2wtS0RrPtqT4Q,Chase,794,413,359,True,False,False,False
c60807e8-6afb-38fd-ab9b-ae8588dc8b27,RANKED_SOLO_5x5,CHALLENGER,I,Uj3A0teAy8IeGg5lXLQ1gFbxFn0R6RfI3NmuFB_LTjA1HfSx,Ren ˇuˇ,790,257,226,False,False,False,False
c60807e8-6afb-38fd-ab9b-ae8588dc8b27,RANKED_SOLO_5x5,CHALLENGER,I,hFDRrMOVi2GStsEohDeRGVafabaa5FQ44ergJNtIOdf3hLw,PIux,785,588,546,True,False,False,True
c60807e8-6afb-38fd-ab9b-ae8588dc8b27,RANKED_SOLO_5x5,CHALLENGER,I,qywW7-5Bz1r77pt_BKVk0dAitudYF4GmZu-Stcd8qh6sgPQ,Throw,785,233,141,True,False,False,False
c60807e8-6afb-38fd-ab9b-ae8588dc8b27,RANKED_SOLO_5x5,CHALLENGER,I,kG5y9LJKihyVyqsqEUtKtw6swnpGlgV6N7lW7Xl2a8zBGNc,yeedam2,785,101,56,False,False,False,True
c60807e8-6afb-38fd-ab9b-ae8588dc8b27,RANKED_SOLO_5x5,CHALLENGER,I,XX1z-xg8k7hmkbLXCXk-N_ROsvK3Io8m7kSNrf3S0cxwBkc,TSM Sword,781,528,492,True,False,False,False
c60807e8-6afb-38fd-ab9b-ae8588dc8b27,RANKED_SOLO_5x5,CHALLENGER,I,UUBv8gS3EcVCy6YYHC0n2X1JcmwSisKGGK19nQwTOtbZRq4,Aspeçt,775,405,371,True,False,False,False
c60807e8-6afb-38fd-ab9b-ae8588dc8b27,RANKED_SOLO_5x5,CHALLENGER,I,FRAGhEHmv3w6NL0phCd2bC7PlMu3z_c8tCH1KZoOLVq4J6g,Keel7,773,612,587,True,False,False,False
c60807e8-6afb-38fd-ab9b-ae8588dc8b27,RANKED_SOLO_5x5,CHALLENGER,I,_qzCJOQYYgYn_elHpzN7UeoeXEiKfY74HbEIDiHyzIl4B1Y,Sky Pillar,773,422,384,False,False,False,True
c60807e8-6afb-38fd-ab9b-ae8588dc8b27,RANKED_SOLO_5x5,CHALLENGER,I,wVLQKxiUdt_748LtMWAqDEEceowW5kvyKbZiHgVwAhd5pY4,Copý,772,114,85,False,False,False,False
c60807e8-6afb-38fd-ab9b-ae8588dc8b27,RANKED_SOLO_5x5,CHALLENGER,I,snoQphEUQjavHrEtZwRm6RKBM6-eg-Jo3eerZNSDSaEcel3z,Fall Guy 1352,772,100,62,False,False,False,True
c60807e8-6afb-38fd-ab9b-ae8588dc8b27,RANKED_SOLO_5x5,CHALLENGER,I,dWvp3RuI8plttESsgzKALcxfZFisMkCRepbq-eAQod2Ch98,RobbyBob,769,188,153,True,False,False,True
c60807e8-6afb-38fd-ab9b-ae8588dc8b27,RANKED_SOLO_5x5,CHALLENGER,I,Gt7Dc8Ob5EGP5Yg-1PS8xbj2PovtqNefcQn__BbDxwDkPgM,MentaIIy strong,767,340,302,False,False,False,False
c60807e8-6afb-38fd-ab9b-ae8588dc8b27,RANKED_SOLO_5x5,CHALLENGER,I,0ifCIgT887KRHXZt-ZALpoGPRKCv0XIiMBYkd-EBtbtI0PQZSZ3iqjTq-A,TES Jackey10ve,766,139,106,False,False,False,True
c60807e8-6afb-38fd-ab9b-ae8588dc8b27,RANKED_SOLO_5x5,CHALLENGER,I,2twSmcOm42VrYMEDLM49m45lr1y873NzjR31F2WmMETTq7w,Gweiss,764,342,319,True,False,False,False
c60807e8-6afb-38fd-ab9b-ae8588dc8b27,RANKED_SOLO_5x5,CHALLENGER,I,NLfCZEkAL0Hq8eqTBp-bcl019N3POdehKVEs3NYIFMy_Jsg,Feather Daddy,761,197,159,False,False,False,False
c60807e8-6afb-38fd-ab9b-ae8588dc8b27,RANKED_SOLO_5x5,CHALLENGER,I,KtyrIg5Zn4yB73L9ECnhnU6RyFBN9Ir3FR8qLoo0ReiQfxU,cnug,761,188,91,False,False,False,False
c60807e8-6afb-38fd-ab9b-ae8588dc8b27,RANKED_SOLO_5x5,CHALLENGER,I,pKUJbEz0jxEO3HVxZjuGTgFibpTG4pDjsqbLTFnhsEZb,Cody Pog,759,660,637,True,False,False,True
c60807e8-6afb-38fd-ab9b-ae8588dc8b27,RANKED_SOLO_5x5,CHALLENGER,I,jh6N0Mm_CUBcD5jxifk1zkKTl8lNrTueZXED-wzSGgw6W6g,gamergirlfan123 ,754,249,163,False,False,True,True
c60807e8-6afb-38fd-ab9b-ae8588dc8b27,RANKED_SOLO_5x5,CHALLENGER,I,Ohg1Y0S9ecBT2Z8l_Cvf85xhWYSm2dNHACfyQ033OCG-rtU,TSM Lost,749,212,156,True,False,False,False
c60807e8-6afb-38fd-ab9b-ae8588dc8b27,RANKED_SOLO_5x5,CHALLENGER,I,b8UaZ_1SNHW7V5xG4hjWlI0qq1ynlAhlycvoI5zCEWW3KU0,CP Freeze,747,696,666,False,False,False,True
c60807e8-6afb-38fd-ab9b-ae8588dc8b27,RANKED_SOLO_5x5,CHALLENGER,I,F2eqq20VmaXRvIEUH_PpFBKY9GuInQG4UmP9au0XIpUcc08,Steam Sale,747,560,526,True,False,False,False
c60807e8-6afb-38fd-ab9b-ae8588dc8b27,RANKED_SOLO_5x5,CHALLENGER,I,_TNlJAnfQtXsh6Ih04aDYRQaYMXciFRM3Fbp6_R7UoLuLvQ,duoking1,743,361,313,True,False,False,False
c60807e8-6afb-38fd-ab9b-ae8588dc8b27,RANKED_SOLO_5x5,CHALLENGER,I,QMXTi858S5EbhrBWUXOHbzIY8rl6suqj8c1BhD5k1jXuSt0,nex1,742,157,97,False,False,False,False
c60807e8-6afb-38fd-ab9b-ae8588dc8b27,RANKED_SOLO_5x5,CHALLENGER,I,UcuxxUtVH28bwy_U3jlKqkMKwrAg2N3s2LVpFayodUKVuM0,Hakuho,741,185,156,True,False,False,False
c60807e8-6afb-38fd-ab9b-ae8588dc8b27,RANKED_SOLO_5x5,CHALLENGER,I,998MEJsYmvQNnA6wM8IaDFi6WlrQeUAC2keFzQknwK1qOUI,C9 VULCANNN,733,327,247,False,False,False,False
c60807e8-6afb-38fd-ab9b-ae8588dc8b27,RANKED_SOLO_5x5,CHALLENGER,I,up43NgiCfNJT-cOKPybjOCP_xMPaRfMTpxanF6mmWhehnxU,Tsìmí,730,228,200,True,False,False,False
c60807e8-6afb-38fd-ab9b-ae8588dc8b27,RANKED_SOLO_5x5,CHALLENGER,I,L_K4mqudfmQW_cy_sjCaWSepoErYxlcCSiMHgF4kHYPmM6k,chen ping an,728,352,321,True,False,False,False
c60807e8-6afb-38fd-ab9b-ae8588dc8b27,RANKED_SOLO_5x5,CHALLENGER,I,5Wbk1UMAldUwuUhXL-yatBg0BLauFaPxff_m3bvlPsAE0vQ,Neøø,727,388,337,False,False,False,False
c60807e8-6afb-38fd-ab9b-ae8588dc8b27,RANKED_SOLO_5x5,CHALLENGER,I,M5xQgaDwuFtkcJs2T8MoQCFuc4MPmoWoG-MF-xRfa1_GQfM,Khappaccino,726,466,434,True,False,False,False
c60807e8-6afb-38fd-ab9b-ae8588dc8b27,RANKED_SOLO_5x5,CHALLENGER,I,20QqNvU2gvLP9yWq20yacLX27kkrzfuZJoaIJOtkzmB3hZE,1231231231231,726,223,188,False,False,False,False
c60807e8-6afb-38fd-ab9b-ae8588dc8b27,RANKED_SOLO_5x5,CHALLENGER,I,aaNV9s1_4ULlSnbpjnr2j7fiO5bgVRzxzGhTeehq08bhU8w,robot 2,723,555,488,True,False,False,False
c60807e8-6afb-38fd-ab9b-ae8588dc8b27,RANKED_SOLO_5x5,CHALLENGER,I,lJK8ViAA2RfNpxfFpLy5zu9lQeGX2z9RkFdBJMfZfA,Pobelter,722,227,194,True,False,False,False
c60807e8-6afb-38fd-ab9b-ae8588dc8b27,RANKED_SOLO_5x5,CHALLENGER,I,omCN_49lDb6YxU5-tE407nM3rSCV5KNfbLg49acDE6Ktjlk,Shrektangle,721,113,75,True,False,False,False
c60807e8-6afb-38fd-ab9b-ae8588dc8b27,RANKED_SOLO_5x5,CHALLENGER,I,nk050pAi04o-SfOGIaPiNFzmuUdE-AOE3cVJ6FAm0BhmFvo,ßazz B,720,351,317,False,False,False,False
c60807e8-6afb-38fd-ab9b-ae8588dc8b27,RANKED_SOLO_5x5,CHALLENGER,I,vsUioQTSOuwNTOtauX6n1oWa_ZOxbSCY5Ol6UaDdFBeq50w,Karasmai v9 ,718,295,262,True,False,False,False
c60807e8-6afb-38fd-ab9b-ae8588dc8b27,RANKED_SOLO_5x5,CHALLENGER,I,3kK2jbNTvaI08A6PI9yE4jT8AOjpeGYnsx-lfbVpoXWbhTVw,Deep Learning1,718,286,256,True,False,False,False
c60807e8-6afb-38fd-ab9b-ae8588dc8b27,RANKED_SOLO_5x5,CHALLENGER,I,I75JjVaytDkqMUH-4t6AETId4E5Eg3OrxyIdTgs77YbijZU,Value,710,340,311,False,False,False,False
c60807e8-6afb-38fd-ab9b-ae8588dc8b27,RANKED_SOLO_5x5,CHALLENGER,I,CwrozYB-nnyWWZPp5Fyr0a-6zxkKepYC8Ar97ueToMGgGs8q,WX KominekEB,710,150,62,False,False,False,False
c60807e8-6afb-38fd-ab9b-ae8588dc8b27,RANKED_SOLO_5x5,CHALLENGER,I,FAlcOl4rBnnvSCw85u8ftYaHuF0V8gBlEG0YZ7k--kutJZE,NucIear,705,557,539,False,False,False,False
c60807e8-6afb-38fd-ab9b-ae8588dc8b27,RANKED_SOLO_5x5,CHALLENGER,I,NOMWVLWkkl9-dQ1UszeTM2my7bnSMVplk9lNJ4BZjpvtSHw,AnDa,705,231,198,False,False,False,True
c60807e8-6afb-38fd-ab9b-ae8588dc8b27,RANKED_SOLO_5x5,CHALLENGER,I,77OdhakNDOf5zI7bbsJu-lA8CB_pVQnxDXDKdBTH0Ig_wo8,C9 Diamond,704,442,439,True,False,False,False
c60807e8-6afb-38fd-ab9b-ae8588dc8b27,RANKED_SOLO_5x5,CHALLENGER,I,qEJ3GBJQQMP3mPERBhLNtEY-Vp_b4pbdO4_ZW1bUN6WtZroo,Spirax,703,297,202,True,False,False,False
c60807e8-6afb-38fd-ab9b-ae8588dc8b27,RANKED_SOLO_5x5,CHALLENGER,I,C09UzgL3YT0oOOVyWH7td3ce2hTWP_JdIsYnilgm2UPAKOA,Aizo,702,447,419,False,False,False,False
c60807e8-6afb-38fd-ab9b-ae8588dc8b27,RANKED_SOLO_5x5,CHALLENGER,I,Dpa7Iownheqdk-zrP2Clnwd9Dh6qshT45yOBMsKuOAiv_9g,Busio,700,239,196,True,False,False,False
c60807e8-6afb-38fd-ab9b-ae8588dc8b27,RANKED_SOLO_5x5,CHALLENGER,I,lHXdLHLfjDVFOHw7xy6Z14vbAp9GksViuVcC2or6uZ32lBo,Eclipse brother,700,224,186,False,False,False,False
c60807e8-6afb-38fd-ab9b-ae8588dc8b27,RANKED_SOLO_5x5,CHALLENGER,I,t3VcCHZpOE97YX7NkAS2QrN7DjD37k8Uoo3HRltCR7Bm5yA,ChickenNugget,697,232,198,False,False,False,False
c60807e8-6afb-38fd-ab9b-ae8588dc8b27,RANKED_SOLO_5x5,CHALLENGER,I,mmh3e3XTxmdT5yhi7kyNNyefRwdZDl233SDKyWSDc1rSgRo,Gate,695,208,183,False,False,True,False
c60807e8-6afb-38fd-ab9b-ae8588dc8b27,RANKED_SOLO_5x5,CHALLENGER,I,Paa6OfflQcctjIjGqN02iB1Iv0jHuu06nbTZBL4KkzAiCL4,Pocket Rhinooooo,692,187,153,True,False,False,False
c60807e8-6afb-38fd-ab9b-ae8588dc8b27,RANKED_SOLO_5x5,CHALLENGER,I,Gm3p1f--v-AXHyEMokkXiNq3QzrA1agFm6_k26YriBNAIUhr,yibuyigejiaoyin,689,171,132,True,False,False,False
c60807e8-6afb-38fd-ab9b-ae8588dc8b27,RANKED_SOLO_5x5,CHALLENGER,I,gbILCKuz7qEsBhcqHVN0_Xnb6kH65JZ1gB1aOduvfZMDXIas,twtv xQcOW,687,276,185,False,False,False,True
c60807e8-6afb-38fd-ab9b-ae8588dc8b27,RANKED_SOLO_5x5,CHALLENGER,I,CPrU1GkPt11Ip75iucldO7fkNeBPlcdrwDWGPMl2DAJnuGEk,sanch student,678,124,87,False,False,False,False
c60807e8-6afb-38fd-ab9b-ae8588dc8b27,RANKED_SOLO_5x5,CHALLENGER,I,0DyruaMiMbq6uX3KlP8Xm0H1f2njw5wVBX7PTy1pThvXLFE,Landøn,677,199,138,False,False,False,False
c60807e8-6afb-38fd-ab9b-ae8588dc8b27,RANKED_SOLO_5x5,CHALLENGER,I,RgaAHS9cAC99g7ZS3-5OC5k2QwpCG7WLiv2JvLLeIi77iz4,Minishcap1,675,287,252,True,False,False,False
c60807e8-6afb-38fd-ab9b-ae8588dc8b27,RANKED_SOLO_5x5,CHALLENGER,I,zTolXqTF6UZBXGmJQsUjdnev4Q8Oa1FlpBmkkuc6XmoEW6Y,Blitz,674,516,482,True,False,False,False
c60807e8-6afb-38fd-ab9b-ae8588dc8b27,RANKED_SOLO_5x5,CHALLENGER,I,QccGRjapH15yY-_0xYqJ6otrQQLaNDwI2wZ6ShqWlNUiGLvR,Asyc,670,911,848,True,False,False,False
c60807e8-6afb-38fd-ab9b-ae8588dc8b27,RANKED_SOLO_5x5,CHALLENGER,I,Ia-YPv7kKoyuhaAb84rpnVnHECUG__diRbMDd-8SZmZ7iZi1,JohnathanForLong,667,750,690,True,False,False,False
c60807e8-6afb-38fd-ab9b-ae8588dc8b27,RANKED_SOLO_5x5,CHALLENGER,I,wo4KNN7rLYs_Rhah1M2RnnG_wBekvaP1wI5Vp0Zw_su0rkN_,Sunguri,660,257,161,False,False,False,False
c60807e8-6afb-38fd-ab9b-ae8588dc8b27,RANKED_SOLO_5x5,CHALLENGER,I,J_9BPpYMkd548DPCcmGfZOsmkogOm87WJ9uQwqdRy6xnCfs,CHlME,659,551,527,False,False,True,True
c60807e8-6afb-38fd-ab9b-ae8588dc8b27,RANKED_SOLO_5x5,CHALLENGER,I,uVr-R1r-KTmf2zO7xSK2AlAJLoBq48Bs4BMfGldq_jX_I4pZ,TEŚ 369,657,228,157,False,False,False,False
c60807e8-6afb-38fd-ab9b-ae8588dc8b27,RANKED_SOLO_5x5,CHALLENGER,I,yv9Jqjw-Zcp96a_btIfJTYfDXzn1qmPUeH7I9U5BO6aOOM4,Restrainedˉ,657,165,132,False,False,False,False
c60807e8-6afb-38fd-ab9b-ae8588dc8b27,RANKED_SOLO_5x5,CHALLENGER,I,zrdj8CJNjSOiVy5BdSY2KI83-eVJoA1Zt4HiyqQVZBTouAE,Laughing gro,656,139,95,False,False,False,False
c60807e8-6afb-38fd-ab9b-ae8588dc8b27,RANKED_SOLO_5x5,CHALLENGER,I,6poRldaqQYj9ceZE7EsCggJwZWGpuTarYPZBrLYEAJIhuW-3,Sett x Phel,655,128,50,False,False,False,False
c60807e8-6afb-38fd-ab9b-ae8588dc8b27,RANKED_SOLO_5x5,CHALLENGER,I,Qy_VQ01rogWAAy_svAU3B8MIzKbZyjf6QHXt5kIJ-UpsQL8,Raheen,654,230,181,False,False,False,False
c60807e8-6afb-38fd-ab9b-ae8588dc8b27,RANKED_SOLO_5x5,CHALLENGER,I,z7mYfz2iKll9ZrSx2CMaaATxeq_pYF6_zxE3bU1L91nI,aphromoo,653,361,337,True,False,False,False
c60807e8-6afb-38fd-ab9b-ae8588dc8b27,RANKED_SOLO_5x5,CHALLENGER,I,BFNvw2o1tiyouT7busqH3ASrBO4-dgt-N-SUiEgIIWDfrnFz,Vice,653,182,139,False,False,False,False
c60807e8-6afb-38fd-ab9b-ae8588dc8b27,RANKED_SOLO_5x5,CHALLENGER,I,BY3-w3kLQZk7dlqw6IjrK-kyuHcc50PdywHNxBSX-s_RuTQ,Tony Top,651,831,789,True,False,False,False
c60807e8-6afb-38fd-ab9b-ae8588dc8b27,RANKED_SOLO_5x5,CHALLENGER,I,tj9aXrwyEmPvQSXflATNyNHjD_8MmqnDXlc_Lkpzs15X8ag,Shøryu,651,288,241,True,False,False,False
c60807e8-6afb-38fd-ab9b-ae8588dc8b27,RANKED_SOLO_5x5,CHALLENGER,I,adF_CAqYEeZWj7b-xLablwTUmbDOhBXVUA-lmQ_Nwuqcnmw,Allorim,650,347,325,False,False,False,False
c60807e8-6afb-38fd-ab9b-ae8588dc8b27,RANKED_SOLO_5x5,CHALLENGER,I,4Xv1DZajQG2jvhRpmS5JLVkf5EmZlZA7942qyiPvnCTa_84,40 on akali,650,198,161,False,False,False,False
c60807e8-6afb-38fd-ab9b-ae8588dc8b27,RANKED_SOLO_5x5,CHALLENGER,I,PoR8zSxEdKxsGPeMQvpEAcfy27v48GDRVFmiHgXdgb-GF7I,shaneylove,647,446,414,True,False,False,True
c60807e8-6afb-38fd-ab9b-ae8588dc8b27,RANKED_SOLO_5x5,CHALLENGER,I,mqZSpWWMDwunNCkB_13-sCAhYUbu6vQSFeuoHsPTSlnMbZo,Alaan,647,253,218,False,False,False,False
c60807e8-6afb-38fd-ab9b-ae8588dc8b27,RANKED_SOLO_5x5,CHALLENGER,I,9GUFzvNlPfjPhYvTuo_C_JRuKNlxhk_dS-YQ8vMbkTe3T5U,Scyrnn,645,577,543,False,False,False,False
c60807e8-6afb-38fd-ab9b-ae8588dc8b27,RANKED_SOLO_5x5,CHALLENGER,I,7Kf3ouHs1QeuI47e-hpfB0Wr0cMuq2KW-XuX88rxOZ5dkQwe,Fall Guy 1353,645,91,59,False,False,False,False
c60807e8-6afb-38fd-ab9b-ae8588dc8b27,RANKED_SOLO_5x5,CHALLENGER,I,p-vPfoqaqGINe4oUNoTP6NFyaHov1EzyaxWcS0vidWxtbFQ,LEGO UNIVERSE,644,164,118,False,False,False,False
c60807e8-6afb-38fd-ab9b-ae8588dc8b27,RANKED_SOLO_5x5,CHALLENGER,I,MlYsUhnLw-w9uxa5sOSRuGV5wQdLCCv2r6TEAhKvhTDNJrU,Descraton,643,580,561,True,False,False,False
c60807e8-6afb-38fd-ab9b-ae8588dc8b27,RANKED_SOLO_5x5,CHALLENGER,I,smXKRWTplflSkmjzBLWdd0YjYv9LqBnwetzOgy_XgGk2dC4,TheRealPhilip,638,774,726,False,False,False,False
c60807e8-6afb-38fd-ab9b-ae8588dc8b27,RANKED_SOLO_5x5,CHALLENGER,I,Jc4p339WnrluW3q-XLXRkGo5H4L97REMeNCrDVtoA9jVS-k,wx arendel,638,686,652,True,False,False,False
c60807e8-6afb-38fd-ab9b-ae8588dc8b27,RANKED_SOLO_5x5,CHALLENGER,I,uBtU4U1xV32Io4ADiVkYfdbSjVeeso-XufqCkQcIVjThhno,Jauny1,631,290,258,False,False,False,False
c60807e8-6afb-38fd-ab9b-ae8588dc8b27,RANKED_SOLO_5x5,CHALLENGER,I,PMFIbF2NZdDkPVBCrLNdy6k2W3h5cveFsGHgb59tfEL0oD0,warcyclone,630,1031,993,False,False,True,False
c60807e8-6afb-38fd-ab9b-ae8588dc8b27,RANKED_SOLO_5x5,CHALLENGER,I,JArpFEAoFOhvLJ688V7GxB4tOGtl983kw2qn2y5aDhLCmDIf,Jiao yan pai gu,629,216,172,False,False,False,False
c60807e8-6afb-38fd-ab9b-ae8588dc8b27,RANKED_SOLO_5x5,CHALLENGER,I,-j0vPUGMA5UkyYhLMTaCCrBF5jqSCyvx_ANuSf5uupEAO1UX,Relive the Exp,629,167,79,False,False,False,False
c60807e8-6afb-38fd-ab9b-ae8588dc8b27,RANKED_SOLO_5x5,CHALLENGER,I,EhDTmT0yqcgzdiXdutFapEQFulqAyepkyjCFylJ9rNlym3w,0122,625,198,133,True,False,False,False
c60807e8-6afb-38fd-ab9b-ae8588dc8b27,RANKED_SOLO_5x5,CHALLENGER,I,_AkJYIsH4Mh1mp-n-rrijZDUMFvXfDVOMdKlQpUJkxPmyDE,Gamer Girl,624,140,110,False,False,False,False
c60807e8-6afb-38fd-ab9b-ae8588dc8b27,RANKED_SOLO_5x5,CHALLENGER,I,hqG3HSryNw_SYrUCsZ-7tggMx450w7u9H2y-sEw9lRWxbW0,Loracia,622,307,269,False,False,False,False
c60807e8-6afb-38fd-ab9b-ae8588dc8b27,RANKED_SOLO_5x5,CHALLENGER,I,QEAE1gqPvPo8eUNEEz0f1dn8C7xVsOq0RFCj9Y4KDF4W8Ovw,Niles,620,223,135,False,False,False,False
c60807e8-6afb-38fd-ab9b-ae8588dc8b27,RANKED_SOLO_5x5,CHALLENGER,I,kFdZotU528mecHTjKaV752WoUBf2ZX_JogR8axlhB709a_L4,nadianadia,617,237,147,False,False,False,False
c60807e8-6afb-38fd-ab9b-ae8588dc8b27,RANKED_SOLO_5x5,CHALLENGER,I,kIlPMoAcu5AFFeNwsmQCaqP6mXoMaa2sFi_oohFH-4VeI_s,Jan Sali,613,373,344,False,False,False,False
c60807e8-6afb-38fd-ab9b-ae8588dc8b27,RANKED_SOLO_5x5,CHALLENGER,I,hgISjzbtkbnOYY0kFqybK28Q9lbUsW7eX5wTQoJ1hVVmpPw,Tiffany Dang,613,171,62,False,False,False,False
c60807e8-6afb-38fd-ab9b-ae8588dc8b27,RANKED_SOLO_5x5,CHALLENGER,I,pLm2dgzXEuxUX-t7YF27EwNJRBK6BgnjeNz96WJU4fQmz3g,Age Gap FFDay33,612,420,383,False,False,False,False
c60807e8-6afb-38fd-ab9b-ae8588dc8b27,RANKED_SOLO_5x5,CHALLENGER,I,CfBPJXyd8bAYNvvsl8oVBPjbJrGsqj6NZNLwJmYczVirH5I,Coco9,607,264,194,False,False,False,False
c60807e8-6afb-38fd-ab9b-ae8588dc8b27,RANKED_SOLO_5x5,CHALLENGER,I,d7HHweaMiunJH4lcEtNEPDrc_KeAcAR0W9lJxqg9N0c71D4,WayneDwops,605,231,192,False,False,False,False
c60807e8-6afb-38fd-ab9b-ae8588dc8b27,RANKED_SOLO_5x5,CHALLENGER,I,sJOl4mlXF3mBJsysY9JX94KJZhqLgBFnaRFBtr2TmTviv-0,Tenacity,604,332,321,False,False,False,False
c60807e8-6afb-38fd-ab9b-ae8588dc8b27,RANKED_SOLO_5x5,CHALLENGER,I,qWMRYt0BJ6zBeGvwMVc7o-rprH9TD7Daa5HqPfNNWqd4Xbk,Z Tau,598,350,249,False,False,False,False
c60807e8-6afb-38fd-ab9b-ae8588dc8b27,RANKED_SOLO_5x5,CHALLENGER,I,MMIGKMeRDkHBIZxTY7do1zZ4pMvUnKELuZl9IvcKsWy7NkY,JJKingButLowerLP,597,1095,1047,False,False,True,False
c60807e8-6afb-38fd-ab9b-ae8588dc8b27,RANKED_SOLO_5x5,CHALLENGER,I,9iGgoX56UtwqXWezOzyK2C5n7jQfopXDSUtPjEBNC7N1snA,Ghóst Ghost,595,335,288,False,False,False,True
c60807e8-6afb-38fd-ab9b-ae8588dc8b27,RANKED_SOLO_5x5,CHALLENGER,I,tPwqeO19Encji9dEUuObX47x-RLbP7jOPKcwy5rZPnFpxGU,Speedo,594,177,126,False,False,False,False
c60807e8-6afb-38fd-ab9b-ae8588dc8b27,RANKED_SOLO_5x5,CHALLENGER,I,5gm3-nRX4DrZxuGJ2--MTAtAAoDMGIqLAJ6QVQUC8B5XnBw, Sudzzi,593,336,310,False,False,False,False
c60807e8-6afb-38fd-ab9b-ae8588dc8b27,RANKED_SOLO_5x5,CHALLENGER,I,JePTidz-ARabvtvB21DY2mWpeMZ3MXuY5--qcISVV_I6S-Q,Winston4,592,489,421,True,False,False,False
c60807e8-6afb-38fd-ab9b-ae8588dc8b27,RANKED_SOLO_5x5,CHALLENGER,I,Ib4QzYrij0tcazDuJErb_LQ2f-aATl-daTaHmyVgNuFfsQU,             Tcº,589,535,457,False,False,False,True
c60807e8-6afb-38fd-ab9b-ae8588dc8b27,RANKED_SOLO_5x5,CHALLENGER,I,C8P2nT_Ke7qSHf-BlMlJE0M_df-I63eXnKw-ma-RnrMTgec,CrabAppleBoy,587,305,274,True,False,False,False
c60807e8-6afb-38fd-ab9b-ae8588dc8b27,RANKED_SOLO_5x5,CHALLENGER,I,aLdo8vXeBNOAniM99n4eELFTS86HAXoh-eiHELCHZz1N5E4,Draven baka,585,605,579,False,False,True,True
c60807e8-6afb-38fd-ab9b-ae8588dc8b27,RANKED_SOLO_5x5,CHALLENGER,I,QOa6GnkPhpZOGUVT3ezFNoPve9zWF0Y2roedYCUknQago-ej,WatAreUDoingNext,584,150,111,True,False,False,False
c60807e8-6afb-38fd-ab9b-ae8588dc8b27,RANKED_SOLO_5x5,CHALLENGER,I,pibO51BAdj_Lt-kxiVUQ_E6Wkz5GeHOw3whbS6xWOon63oA,Seranok,583,232,188,False,False,False,False
c60807e8-6afb-38fd-ab9b-ae8588dc8b27,RANKED_SOLO_5x5,CHALLENGER,I,CbzfNTMiviDFK5vm12BJT5XLm0Q9RUWoVv4_ocY5uSVqG8Y,rovex1,578,1007,985,False,False,True,False
c60807e8-6afb-38fd-ab9b-ae8588dc8b27,RANKED_SOLO_5x5,CHALLENGER,I,XoSIvH8wpdYTluOUDMrZKGVDuDVOa_KXpBRON0UfG2srRtE_,JNCao1,578,369,296,True,False,False,False
c60807e8-6afb-38fd-ab9b-ae8588dc8b27,RANKED_SOLO_5x5,CHALLENGER,I,jnCjPHSNmtMuWD8aGxz-GKw-E4oFjHR6TCGX4bbM-3BwI8ip,BakaEric2,578,249,161,False,False,False,False
c60807e8-6afb-38fd-ab9b-ae8588dc8b27,RANKED_SOLO_5x5,CHALLENGER,I,Y5_mCXez8nPJOcuxtdS2Y6Lw6LKSyJJ7q2RQ7PxzKF_7b78,DCSNT,576,605,528,False,False,True,False
c60807e8-6afb-38fd-ab9b-ae8588dc8b27,RANKED_SOLO_5x5,CHALLENGER,I,HL0DHAzMJX_g1KpM66h6-fpZAjpdwK_8UAtSys6cqlfhNX9M,coffın,575,254,159,False,False,False,False
c60807e8-6afb-38fd-ab9b-ae8588dc8b27,RANKED_SOLO_5x5,CHALLENGER,I,5JXXRzdnA0Z4QVoJYEE5w6NTA3zfuN-4h4Z885o8ahKcl9A,Lemur,573,199,164,False,False,False,False
c60807e8-6afb-38fd-ab9b-ae8588dc8b27,RANKED_SOLO_5x5,CHALLENGER,I,cRxTj2e9Gws5PtO0LtoNIJN_khQqL5GbbSDFgh6JZRCrcN0,Mob Psycho 101,571,393,346,False,False,True,False
c60807e8-6afb-38fd-ab9b-ae8588dc8b27,RANKED_SOLO_5x5,CHALLENGER,I,fIyHloV4tcsCI5smMYYbWcoJRwn7vkPIiRIFEg2jHVaWCwk,rallyracer21,571,236,171,False,False,True,True
c60807e8-6afb-38fd-ab9b-ae8588dc8b27,RANKED_SOLO_5x5,CHALLENGER,I,NEVtpHQ5RlJ_o1241I6AK3mhchtj7iKu6lRtvvGb8fb6utI,TEAMLUKEE,570,767,740,False,False,True,False
c60807e8-6afb-38fd-ab9b-ae8588dc8b27,RANKED_SOLO_5x5,CHALLENGER,I,sWQewyCBi3ENXzerOwOT9LYRhbHYig78luNXxoIJsMUx1eg,Qitong1,569,417,369,True,False,False,True
c60807e8-6afb-38fd-ab9b-ae8588dc8b27,RANKED_SOLO_5x5,CHALLENGER,I,KQbhskoHXmDYwCYpjX-PLI8qVPlUqLq4wuJTD4AR7maYsEE,Chookie,568,313,288,False,False,False,False
c60807e8-6afb-38fd-ab9b-ae8588dc8b27,RANKED_SOLO_5x5,CHALLENGER,I,RQ0lqio7n0JRApn05WRqw-LrxBYKkPnnBQ0h9XSPVTW_wBA,Tosh the Guy,568,299,265,False,False,True,True
c60807e8-6afb-38fd-ab9b-ae8588dc8b27,RANKED_SOLO_5x5,CHALLENGER,I,EzV4R_EkRs37YUyktxBH-jTk2jxecItslfArMcp_8XvbxNyL,Kami no Tou,567,755,683,False,False,False,False
c60807e8-6afb-38fd-ab9b-ae8588dc8b27,RANKED_SOLO_5x5,CHALLENGER,I,sVY-vAPl-A6uuVGWrdZpq0Gk88fJsEB7VLkk8XKE2VsVH5g,WX Code0103,567,124,86,False,False,True,True
c60807e8-6afb-38fd-ab9b-ae8588dc8b27,RANKED_SOLO_5x5,CHALLENGER,I,fD3lMa9SgEowQc5vTDMT0DMcggHvYF-1ITiHBAzuq2DlqFY,RoseThorn,565,270,234,False,False,True,True
c60807e8-6afb-38fd-ab9b-ae8588dc8b27,RANKED_SOLO_5x5,CHALLENGER,I,MXW3brocSpASSQXGYFY4x_lVN9bH1R2V2pCgGSFJhrga7tY,dumpa,564,361,311,False,False,False,False
c60807e8-6afb-38fd-ab9b-ae8588dc8b27,RANKED_SOLO_5x5,CHALLENGER,I,eAAQuGpPLZzwW9p56cx4KTKvDeXTXRJkPinozARiYqWaOiY,Meech,563,219,163,False,False,False,False
c60807e8-6afb-38fd-ab9b-ae8588dc8b27,RANKED_SOLO_5x5,CHALLENGER,I,sumji74oAtDRbJBPaygCOA96lQ0pa61RdXQpk9ZwPMs3Q1w,HighThunderBolt,562,539,512,True,False,False,False
c60807e8-6afb-38fd-ab9b-ae8588dc8b27,RANKED_SOLO_5x5,CHALLENGER,I,mOioFHwgIzVL4Mw4_96MsTEII9YH8m21caLG8IKiSYlWIkBF,WX Rika19981209,560,300,279,True,False,False,False
c60807e8-6afb-38fd-ab9b-ae8588dc8b27,RANKED_SOLO_5x5,CHALLENGER,I,FrjewYxYdex1YNhb3eTJoLNiIJ8L1cHG3k77cc18iq5owSw,king ghidorrrah,559,447,378,False,False,True,False
c60807e8-6afb-38fd-ab9b-ae8588dc8b27,RANKED_SOLO_5x5,CHALLENGER,I,aaHjsrZrwMUNikcJopGHSXJnf9Ee14Jo22dIUPi_gjyVoJLn,IIlilllilililili,559,182,86,False,False,True,True
c60807e8-6afb-38fd-ab9b-ae8588dc8b27,RANKED_SOLO_5x5,CHALLENGER,I,GvR71lIUesuuedoIXp45WamFZHjYDpSP5VJTAxrYQNwg65Q,poiuyreq,558,498,473,True,False,False,False
c60807e8-6afb-38fd-ab9b-ae8588dc8b27,RANKED_SOLO_5x5,CHALLENGER,I,axXth9wHALugW58hQetAa9e9AyaEVbZd5QsRXGet_1rxWAY,Diomarr,558,438,412,False,False,False,False
c60807e8-6afb-38fd-ab9b-ae8588dc8b27,RANKED_SOLO_5x5,CHALLENGER,I,pF8o-cx2Hw2rU3CdgKzxK4jjqZn2vQS8gDg1_qi581dhGN7O,SHEIDEN123,556,146,81,False,False,False,False
c60807e8-6afb-38fd-ab9b-ae8588dc8b27,RANKED_SOLO_5x5,CHALLENGER,I,BhF7igaQ3ZDDgu63l7cSNJKb88uvFk6WgAIrr8yVXGcl3qs,Vakin,556,145,113,False,False,True,False
c60807e8-6afb-38fd-ab9b-ae8588dc8b27,RANKED_SOLO_5x5,CHALLENGER,I,03A49bYeoBCvvl8A-5ze_vBk6vIrZ-OjpPDtN4IQeZICwLI,37º2,555,230,186,False,False,False,False
c60807e8-6afb-38fd-ab9b-ae8588dc8b27,RANKED_SOLO_5x5,CHALLENGER,I,t6-CKMzNkdajsGFCdwJDPLscZ47TooS_er5tSRr4Is0vA4I,The Tank Man,551,389,360,True,False,False,False
c60807e8-6afb-38fd-ab9b-ae8588dc8b27,RANKED_SOLO_5x5,CHALLENGER,I,i1OcRZUxq3xwMVtYNGPXlxVRFtJyeleq_3w6euwQBjsSepVW,Yunbee,551,280,196,False,False,True,False
c60807e8-6afb-38fd-ab9b-ae8588dc8b27,RANKED_SOLO_5x5,CHALLENGER,I,vxHUJX9YYx7Ei6fJlvDyaqqVPsGUno_X5NsVzvTGnrmJXaw,Acilion,550,703,673,False,False,False,False
c60807e8-6afb-38fd-ab9b-ae8588dc8b27,RANKED_SOLO_5x5,CHALLENGER,I,tR4sJpabKKyx4LDPPYZTDGnwDa275GOBu6WotJW7dkE,SentientAI,550,643,626,True,False,False,True
c60807e8-6afb-38fd-ab9b-ae8588dc8b27,RANKED_SOLO_5x5,CHALLENGER,I,t7TskwL4hBbgwIccFVbhoBQdJAXEM2ouI4nMhlN-qYLtJ0M,Jouzef,549,184,153,False,False,False,False
c60807e8-6afb-38fd-ab9b-ae8588dc8b27,RANKED_SOLO_5x5,CHALLENGER,I,xrDf5j6rm4OhJTOXnP2tK_QUu1CyHC2zRtcwA3Cl6C5rEb8,Busio3,547,327,267,False,False,False,False
c60807e8-6afb-38fd-ab9b-ae8588dc8b27,RANKED_SOLO_5x5,CHALLENGER,I,cDFhKPqV0dZulRXn_bZdkGnwDLnv_tktT3jMrQv_K_N0JA4,Thats Not Fervor,547,321,295,False,False,False,False
c60807e8-6afb-38fd-ab9b-ae8588dc8b27,RANKED_SOLO_5x5,CHALLENGER,I,6YLdKzZuRaaIz9GRQBGSitGnHZS4LwrBFK9UPJCtZcVe2GU,PoopSwag69,545,572,539,False,False,False,False
c60807e8-6afb-38fd-ab9b-ae8588dc8b27,RANKED_SOLO_5x5,CHALLENGER,I,O32a8DhmITTYwcr2LXrrxe-86FPWtI_XsMQx1b5L9gSFNHc,NøticeMeSenpai,544,289,260,False,False,True,True
c60807e8-6afb-38fd-ab9b-ae8588dc8b27,RANKED_SOLO_5x5,CHALLENGER,I,a-8IYrz6otAV9Z28lmmWwh6A6EXf8dsQF7hDEoJ6y9H7-xY,I am over u,538,340,299,False,False,True,True
c60807e8-6afb-38fd-ab9b-ae8588dc8b27,RANKED_SOLO_5x5,CHALLENGER,I,lPBy-VinJw4d6OifVLj7ccaJWVJzI9UY_7EIbJmHUdZtd086,WX HREB2020,537,319,291,False,False,True,True
c60807e8-6afb-38fd-ab9b-ae8588dc8b27,RANKED_SOLO_5x5,CHALLENGER,I,V8YWvWKoSaKBKrmVfok7kjg0OtyZyRISPLRdvnPSEvPjm3I,Twilight Ranger1,537,243,183,False,False,False,False
c60807e8-6afb-38fd-ab9b-ae8588dc8b27,RANKED_SOLO_5x5,CHALLENGER,I,nw-Ox4JT5HHyxLurLOgJHLRfmBbm2avsZjBB0naDQToSdRY,PR0JECT SHACO,536,259,188,False,False,False,False
c60807e8-6afb-38fd-ab9b-ae8588dc8b27,RANKED_SOLO_5x5,CHALLENGER,I,MEsFWa81m2eZL59p5P1ZYr15JTcaNgFVoAwriD5h8qGWU14,Fiddle Jungle,536,233,203,True,False,False,False
c60807e8-6afb-38fd-ab9b-ae8588dc8b27,RANKED_SOLO_5x5,CHALLENGER,I,t1noQHFSNxL7UFd_I5_YQg7OhhJrwXv9m2yLE2qJVPv5l8SB,Fear,534,204,124,False,False,True,False
c60807e8-6afb-38fd-ab9b-ae8588dc8b27,RANKED_SOLO_5x5,CHALLENGER,I,qp2QMvYYSyu-4eU9e4Q71O_WgtfqmFq4vU_xUwgdohZ6XmU,4 Shade,533,691,671,False,False,True,False
c60807e8-6afb-38fd-ab9b-ae8588dc8b27,RANKED_SOLO_5x5,CHALLENGER,I,ncpAmQWpbQekSqqdc-b-rdXkdaxwdbJy5oZFC6sVtWfcvD8,Doubtfull,533,366,336,False,False,False,False
c60807e8-6afb-38fd-ab9b-ae8588dc8b27,RANKED_SOLO_5x5,CHALLENGER,I,57wwWC3CMcRw5QyLLdEu2bw6ySOFAjoTAJsJn7uiLoLe0DI7,ZlKZ,532,342,321,False,False,True,False
c60807e8-6afb-38fd-ab9b-ae8588dc8b27,RANKED_SOLO_5x5,CHALLENGER,I,qBzPYmTrtxU6ZON9XbvH1FB-2oGKqZaVAvZ4b6x6XQxhD70,YoungestLe,531,788,768,False,False,False,False
c60807e8-6afb-38fd-ab9b-ae8588dc8b27,RANKED_SOLO_5x5,CHALLENGER,I,675qo0h7GDGJujNBUG9oipZ2pBVua1qm2H1be1SRg2jm1rg,Bmfx,530,345,312,False,False,False,False
c60807e8-6afb-38fd-ab9b-ae8588dc8b27,RANKED_SOLO_5x5,CHALLENGER,I,a4-O2NxpZrZm_mVFw7glYqgNrks6JtoSdRGQxu2E1yUFnlE,insanity,529,366,344,False,False,False,False
c60807e8-6afb-38fd-ab9b-ae8588dc8b27,RANKED_SOLO_5x5,CHALLENGER,I,Ga7cC3EwHxMMQhodUMX2CInELI5-sW0jK29rIjxIfc6b12I,Pyswag LFT,529,301,275,True,False,False,False
c60807e8-6afb-38fd-ab9b-ae8588dc8b27,RANKED_SOLO_5x5,CHALLENGER,I,Hg89F0QWteN7PIS3e_EXTJ3FczL2tvrDJ0hE1JTBsqgMGts,LV2,528,371,343,False,False,True,False
c60807e8-6afb-38fd-ab9b-ae8588dc8b27,RANKED_SOLO_5x5,CHALLENGER,I,F8RZUc0SrttRVrlVZhqJ0omKwUCKE_RHNCyGUp-c-XuTG6k,EvanRL,527,265,235,False,False,False,False
c60807e8-6afb-38fd-ab9b-ae8588dc8b27,RANKED_SOLO_5x5,CHALLENGER,I,dSjpu9hnvxCFImRu1FQpZ_38h9XJtUuwtHHTYEQ32rd34h4,SUPP WEAK XD,527,254,193,False,False,False,False
c60807e8-6afb-38fd-ab9b-ae8588dc8b27,RANKED_SOLO_5x5,CHALLENGER,I,Y227v3lA5OFPMCs4d-mveHvcGVJl7SQ8dgc84CCDY46M2Bs,Guccí Crown,527,98,58,False,False,True,True
c60807e8-6afb-38fd-ab9b-ae8588dc8b27,RANKED_SOLO_5x5,CHALLENGER,I,eJvQUy1Zei9jxgX6mapuizsfs9gmSwCFuTwBtv5XtYib,Ayo Its Jango,525,101,54,False,False,False,True
c60807e8-6afb-38fd-ab9b-ae8588dc8b27,RANKED_SOLO_5x5,CHALLENGER,I,iXyKEvPiTdOhSgCWfo8gnKTymr9KMiti6GXuNswuZ3XySEA,Strompest,524,521,498,False,False,True,False
c60807e8-6afb-38fd-ab9b-ae8588dc8b27,RANKED_SOLO_5x5,CHALLENGER,I,UCdWq4T1kcDG6__AK5Sxhj1Va1DF-bTd7SS6lZeCRIKHSZQL,Keel777,524,272,187,False,False,False,False
c60807e8-6afb-38fd-ab9b-ae8588dc8b27,RANKED_SOLO_5x5,CHALLENGER,I,PlVNheSTPIimQsGz3r4MM5lr1WJAw3ZNMJAzp99M5G8CeJo,O hide on bush O,522,732,708,False,False,True,False
c60807e8-6afb-38fd-ab9b-ae8588dc8b27,RANKED_SOLO_5x5,CHALLENGER,I,zh7osXA4GdhuFs3ZinmIjiK_xrUNvsBUzKHj3mNrUOPzoms,fady,519,258,227,True,False,False,False
c60807e8-6afb-38fd-ab9b-ae8588dc8b27,RANKED_SOLO_5x5,CHALLENGER,I,tcPaj71zTIkdL90KpOi8kQ8dKontMvMRGeQeeAmAg0IOO-g,aps9FGUui,519,174,152,False,False,False,False
c60807e8-6afb-38fd-ab9b-ae8588dc8b27,RANKED_SOLO_5x5,CHALLENGER,I,dcPQhiT5DAYmSt57lM-aR7MXY8sLEv_v8KWsWSwyk7aEfkNN,kyochon bhc bbq,515,198,112,False,False,True,False
c60807e8-6afb-38fd-ab9b-ae8588dc8b27,RANKED_SOLO_5x5,CHALLENGER,I,pJyZxNaK7m7AkMSdu2ztVdxyXPdvTXpirlUUKYZ4gBJKm7s,i am now inting,514,414,390,False,False,True,False
c60807e8-6afb-38fd-ab9b-ae8588dc8b27,RANKED_SOLO_5x5,CHALLENGER,I,sXTCTuHzSBrW46r0qAyyiunlSh2OmwIVQef8pKb_BPDG6crB,Adrian jaxbuffs,514,244,169,False,False,True,True
c60807e8-6afb-38fd-ab9b-ae8588dc8b27,RANKED_SOLO_5x5,CHALLENGER,I,HSHWcZED_I_Gwvab42KZcp236Nokfz-bdUmBqu7SYqxSKRU,BobbyRob,514,168,125,False,False,True,True
c60807e8-6afb-38fd-ab9b-ae8588dc8b27,RANKED_SOLO_5x5,CHALLENGER,I,Z2C4WhKaNfpQ_OzFWXo4AR4pVhPTIZV09DUGFp89VkH50pOH,MikeYeung1,513,167,94,False,False,False,False
c60807e8-6afb-38fd-ab9b-ae8588dc8b27,RANKED_SOLO_5x5,CHALLENGER,I,Q_EZLSVdAyqOkP9wvKlGbSajs0gV-drj1uQS4f3TYvuHSgc,TSM Winston,512,561,542,False,False,False,False
c60807e8-6afb-38fd-ab9b-ae8588dc8b27,RANKED_SOLO_5x5,CHALLENGER,I,WszzKikqYX_txxE-2T6AbuZ2GgXFez4nZthXQ8X8kHJXpEs,Armored Mawdad,512,343,304,False,False,True,False
c60807e8-6afb-38fd-ab9b-ae8588dc8b27,RANKED_SOLO_5x5,CHALLENGER,I,CW8B4iRrP4dbbUKp1TvPQUhw5hY6wa2ngV5rtkWaa5p32KY,Circus,511,384,351,False,False,True,True
c60807e8-6afb-38fd-ab9b-ae8588dc8b27,RANKED_SOLO_5x5,CHALLENGER,I,YCsVJhWsC9OATr27wxssdE3uXQS_ijyO5snlw8yl28iPTC0,naaaaaa,511,203,117,False,False,False,False
c60807e8-6afb-38fd-ab9b-ae8588dc8b27,RANKED_SOLO_5x5,CHALLENGER,I,1V9L13IZxkOkzZBnoSfMZf7QgxrbO6hlV1AeDXvC8Xqn7RU,FENG6,510,126,91,False,False,False,False
c60807e8-6afb-38fd-ab9b-ae8588dc8b27,RANKED_SOLO_5x5,CHALLENGER,I,nUaFuF_fdB5XqylglYdA0jjMs-F6Md4yQbvqy1LY6F2OPBo,Pekin Woof,509,345,317,False,False,True,True
c60807e8-6afb-38fd-ab9b-ae8588dc8b27,RANKED_SOLO_5x5,CHALLENGER,I,r6859DVdufx_PGrL3SQqtaCTa8RzEw_WmGUl8tcJCW7rjAE,Detention,509,323,298,False,False,False,False
c60807e8-6afb-38fd-ab9b-ae8588dc8b27,RANKED_SOLO_5x5,CHALLENGER,I,ClxHB9wefHnDW8uQe0rq_UEgD6ZhxaQnkCFLzsNq9jX0Jltw,catJAMMER69,509,170,138,False,False,True,False
c60807e8-6afb-38fd-ab9b-ae8588dc8b27,RANKED_SOLO_5x5,CHALLENGER,I,_5trRJBMnzEgqDUggPbpjyFTZhAR_-DIR0ELmcSfM0VCkjM,Avano2,508,335,270,False,False,False,False
c60807e8-6afb-38fd-ab9b-ae8588dc8b27,RANKED_SOLO_5x5,CHALLENGER,I,vWkVzhDjN7hRleabfkLAUc1Rg275BFNSiZ6ApOHWxgOXDsU,Swordblue,507,593,565,False,False,True,False
c60807e8-6afb-38fd-ab9b-ae8588dc8b27,RANKED_SOLO_5x5,CHALLENGER,I,1gjZYoagpNu3JwrxQrigvV_qVhAJeXk7jdY7pylc7ph9jZY,xOneWingedAngel,506,286,245,False,False,True,True
c60807e8-6afb-38fd-ab9b-ae8588dc8b27,RANKED_SOLO_5x5,CHALLENGER,I,lXhQmqI33p2dhu5ovDITvEiknfVUxAe5ZaJdr_vTJQTUr3o,Nikkone,504,263,227,True,False,False,False
c60807e8-6afb-38fd-ab9b-ae8588dc8b27,RANKED_SOLO_5x5,CHALLENGER,I,1ULg8wOUowxJRCwdBChm171wbbcK9hQcgLEwA8IVJkBCd_0,JungIe is weak,502,593,551,True,False,False,False
c60807e8-6afb-38fd-ab9b-ae8588dc8b27,RANKED_SOLO_5x5,CHALLENGER,I,B6Sv_jF4iJhaakM7D_rSuYiZW4XfdaRa_9mILvCOODyNQ6U,AnAnorexicPanda,502,208,151,False,False,True,True
c60807e8-6afb-38fd-ab9b-ae8588dc8b27,RANKED_SOLO_5x5,CHALLENGER,I,SD841DZbmPIdfT75HCyRMnHNUzBbHX9MKftwwAOWv1NTwWM,Prosperous Cat 2,501,209,184,False,False,False,False
c60807e8-6afb-38fd-ab9b-ae8588dc8b27,RANKED_SOLO_5x5,CHALLENGER,I,rGs-tgmfrThvYK08UvJbZBAwMCAAm4i9uhgu3LdN5Oz_mWE,Tribute to a Kin,500,544,510,False,False,True,True
c60807e8-6afb-38fd-ab9b-ae8588dc8b27,RANKED_SOLO_5x5,CHALLENGER,I,Eh0Mmn8n6naw3zFA4v5e6fpildiO0CYe-Q8yTkKF8FZWWyqx,Faisalll,500,243,157,False,False,True,False
c60807e8-6afb-38fd-ab9b-ae8588dc8b27,RANKED_SOLO_5x5,CHALLENGER,I,GFBbzk1vW3ouaQeoj-WKBepACcKbOsOgj-ZcAoV3pzh8Bfg,Red Eclipse,500,228,200,False,False,False,False
c60807e8-6afb-38fd-ab9b-ae8588dc8b27,RANKED_SOLO_5x5,CHALLENGER,I,cWbx3nXNz-ZSqAmFdKrfgNiKk3Qva1FbPmmED5zgBROONTY,GangstahSwerve,500,221,196,False,False,True,True
c60807e8-6afb-38fd-ab9b-ae8588dc8b27,RANKED_SOLO_5x5,CHALLENGER,I,vjcxoVQei8H0TQqoKJYBjbRji6GEaYp-lIp5mLet2Er0,Alcoveolive,500,72,42,False,False,True,True
c60807e8-6afb-38fd-ab9b-ae8588dc8b27,RANKED_SOLO_5x5,CHALLENGER,I,ffeJKEUIwH-IuZWuYgH5uvQV3FHU_bvrBV_heZL2oOFEAwQ,Competition9,497,474,465,False,False,False,False
c60807e8-6afb-38fd-ab9b-ae8588dc8b27,RANKED_SOLO_5x5,CHALLENGER,I,HzsKzFzS-2k1gdrOscmHW7wuModSGDY5x4oMJLXoVPeNFZAT,iSexyHugoBabyGOD,496,436,336,False,False,True,True
c60807e8-6afb-38fd-ab9b-ae8588dc8b27,RANKED_SOLO_5x5,CHALLENGER,I,GSmL5h9Zy6lDLSM-aUO9JH0MpPQmeZTsjsvFPzj5y2_rdmk,Strompest3,496,306,275,False,False,True,True
c60807e8-6afb-38fd-ab9b-ae8588dc8b27,RANKED_SOLO_5x5,CHALLENGER,I,k4Dxd8SmgVvdGgsCJOsXtFLe-XdFv60vrjDmRljQyLSbtAc,WX 1649096627,496,149,50,False,False,False,False
c60807e8-6afb-38fd-ab9b-ae8588dc8b27,RANKED_SOLO_5x5,CHALLENGER,I,AMPilhXmZvleTsMgJtanGrTXuJtrqiIk68wvJwgHTw7oRg7i,200 Years of Exp,496,102,27,False,False,True,False
c60807e8-6afb-38fd-ab9b-ae8588dc8b27,RANKED_SOLO_5x5,CHALLENGER,I,HnJjQWz4yenUv6CCw6OcqcOfu-ek65kKm3dQu37314l8cY3Y,light of saber,495,583,556,True,False,False,False
c60807e8-6afb-38fd-ab9b-ae8588dc8b27,RANKED_SOLO_5x5,CHALLENGER,I,bN8BugXqVzsd7eYhwBObK5kNbNvE3OW4uxP1L4pZ9kU7638,Hafu Jr,495,232,203,False,False,False,False
c60807e8-6afb-38fd-ab9b-ae8588dc8b27,RANKED_SOLO_5x5,CHALLENGER,I,3D0acVoNDYAFCRvhp4L3Z0tweI6KepQcg3rqWql2GOh7QYU,CookiesforSanta,495,189,145,False,False,False,False
c60807e8-6afb-38fd-ab9b-ae8588dc8b27,RANKED_SOLO_5x5,CHALLENGER,I,F0TWG2XL2z0lijThJqN044S7VxG6tktsIunQ6DTrQUdVODo,JLand,494,222,183,False,False,False,False
c60807e8-6afb-38fd-ab9b-ae8588dc8b27,RANKED_SOLO_5x5,CHALLENGER,I,7ZdFATpv8ZpvWjv9WD7qyMOVo2efmd1PbbFwzFn9Z5RrqbHU,VALUE247,493,176,155,False,False,True,False
c60807e8-6afb-38fd-ab9b-ae8588dc8b27,RANKED_SOLO_5x5,CHALLENGER,I,WJhwMJcOxsaoSGCKh8wu7fMm-LE8Fei9UgDagb0tNzEfKd8,Ke Lè,491,373,340,False,False,True,True
c60807e8-6afb-38fd-ab9b-ae8588dc8b27,RANKED_SOLO_5x5,CHALLENGER,I,88--gbix8fT2tdqgvXuCR6mugMqwtUDFfxpkPHudLiZfw5s,j0rd4n,491,180,154,False,False,True,False
c60807e8-6afb-38fd-ab9b-ae8588dc8b27,RANKED_SOLO_5x5,CHALLENGER,I,Kueu5hQve-Qt2Fs3wXUjb1P7jLCR-olR4oQpS_MxZKtiMh8,Dice Bot,490,520,480,False,False,True,True
c60807e8-6afb-38fd-ab9b-ae8588dc8b27,RANKED_SOLO_5x5,CHALLENGER,I,lymUAqxT4YbQjbw6Gjrvj9nXTi-mSfDrnt3UDj60bjzUygE,Caristinn,489,1062,1045,False,False,True,False
c60807e8-6afb-38fd-ab9b-ae8588dc8b27,RANKED_SOLO_5x5,CHALLENGER,I,f61f4MSzdEbktOYchvoJhQjRwLcIJZ8IMjTPXfgFC0dOVb0,Srkenji,488,825,821,False,False,True,False
c60807e8-6afb-38fd-ab9b-ae8588dc8b27,RANKED_SOLO_5x5,CHALLENGER,I,fmg5F9mjRQ_lrAav5Eqz-Yfs1wfu0EU7FrUcRjKPggP0EiY,Main Sup,488,689,642,False,False,True,False
c60807e8-6afb-38fd-ab9b-ae8588dc8b27,RANKED_SOLO_5x5,CHALLENGER,I,PrCF1LfV0LZW_FgHysAn14IzC0w2BPtMa-sJ_xz5sll9kG8,YAPPING EBOY,487,502,443,False,False,True,True
c60807e8-6afb-38fd-ab9b-ae8588dc8b27,RANKED_SOLO_5x5,CHALLENGER,I,yFtlxInawNoR7xmHKUa1ow4pr0ie3qjaJHBb6r9tHpkJNUw,1936 1948,487,342,317,True,False,False,True
c60807e8-6afb-38fd-ab9b-ae8588dc8b27,RANKED_SOLO_5x5,CHALLENGER,I,8RVKSDeTJp8c-KbNsRxTwmZGBSaOwsRtHKKDQwXwthf6gq8,Broken pain cry,487,123,86,False,False,False,False
c60807e8-6afb-38fd-ab9b-ae8588dc8b27,RANKED_SOLO_5x5,CHALLENGER,I,vpNIOGjkjbMkBhreevMQU1OMer9XnEirsi4uWXjstRWZF2A,NA Teacherma,474,228,192,False,False,False,False
