,leagueId,queueType,tier,rank,summonerId,summonerName,leaguePoints,wins,losses,veteran,inactive,freshBlood,hotStreak
0,136579ee-a212-34b0-b4b8-69ba529f4d7f,RANKED_SOLO_5x5,MASTER,I,83taSOcukY00Kwl8nFWHdwTOB9kvDNVLlNul4aTZGHOtiPw,Naazimie,82,51,26,False,False,True,False
1,136579ee-a212-34b0-b4b8-69ba529f4d7f,RANKED_SOLO_5x5,MASTER,I,T6_fDvIHTVME_EvuM2AShYZId6AQFhH6Hu18jB6yK67sgC0u,Amish Baztard,80,221,138,False,False,True,False
2,136579ee-a212-34b0-b4b8-69ba529f4d7f,RANKED_SOLO_5x5,MASTER,I,zuotwSRWZfqzhFBe--PyEAcknrCPIJRfxV31ubR-pTqFXSk,SuckOnDeezBeez,78,85,62,False,False,False,True
3,136579ee-a212-34b0-b4b8-69ba529f4d7f,RANKED_SOLO_5x5,MASTER,I,Tjjt7dsGHXFkZVClrU7NJ6WQGZR8FQM4n2qP8Zt05MGLAxk,AkDuke,73,218,198,False,False,False,False
4,136579ee-a212-34b0-b4b8-69ba529f4d7f,RANKED_SOLO_5x5,MASTER,I,ZJE2qLWHDDvq2rfPbwgaXjW-6Rx8R5CuqOz6_WN2Bf3qxd4,GankedBy Bush,72,185,156,False,False,True,False
5,136579ee-a212-34b0-b4b8-69ba529f4d7f,RANKED_SOLO_5x5,MASTER,I,cjQgX5nz3-pP54uy2r3fCOpIhgQ0ZGab89YgtJ3o6vb0C-I,Autolykus,71,865,840,False,False,True,False
6,136579ee-a212-34b0-b4b8-69ba529f4d7f,RANKED_SOLO_5x5,MASTER,I,c4q_h3p_rDt-R0ThNx4oRLOsAFf-nm1camC3sEAyKNDeEck,monsieur14,60,396,378,False,False,True,False
7,136579ee-a212-34b0-b4b8-69ba529f4d7f,RANKED_SOLO_5x5,MASTER,I,mTVxSMeTyWjkBQZoo_qBUVjIBWJsnKOSd4TZwm8eykSHer0,dW3 ˉ,59,571,549,False,False,True,False
8,136579ee-a212-34b0-b4b8-69ba529f4d7f,RANKED_SOLO_5x5,MASTER,I,VNac4yEiXqGoRai2hgl0Q3yKOHEOgHbK7HGM8sO3d1gcqcU,Aloneus,59,428,396,False,False,True,False
9,136579ee-a212-34b0-b4b8-69ba529f4d7f,RANKED_SOLO_5x5,MASTER,I,ZRC8baA5mKynwf3Xf1JVnVjEF9UAQA8l_lgfc6MaL62Arus,ye yu,59,327,293,False,False,True,False
10,136579ee-a212-34b0-b4b8-69ba529f4d7f,RANKED_SOLO_5x5,MASTER,I,Gz_NPTjdy6z4iyIWB-68bXr-ZTLz_BzDrtFxKRBQq3-mMwo3,CA ZEDD,59,294,222,False,False,True,False
11,136579ee-a212-34b0-b4b8-69ba529f4d7f,RANKED_SOLO_5x5,MASTER,I,DRHpWMunXEjkFc09-mhkSe6gJ34dZSNkDkMtNsAAhOLKWCVb,LED,59,268,181,False,False,True,False
12,136579ee-a212-34b0-b4b8-69ba529f4d7f,RANKED_SOLO_5x5,MASTER,I,bJdC3SciN3pgc5pATspM_rjI-gzs64UaCzibBR8ckkI5G2A,i love nuggets,59,219,178,False,False,False,True
13,136579ee-a212-34b0-b4b8-69ba529f4d7f,RANKED_SOLO_5x5,MASTER,I,8lHQZvlF0I05vz3L5uxtWiLYM4phypagKsJ9KKbAPpcoq8Q,IceSnowClever,59,74,53,False,False,True,False
14,136579ee-a212-34b0-b4b8-69ba529f4d7f,RANKED_SOLO_5x5,MASTER,I,s0zvBIxiPxUX5X3IY8NXEpII2PYUwDVNSw-WVWDQM55SssQ,2oon,58,271,187,False,False,True,False
15,136579ee-a212-34b0-b4b8-69ba529f4d7f,RANKED_SOLO_5x5,MASTER,I,3mD5vjwSmF-tQkHb3oaXO8pDgF6N0OlYxOuPB0BnyqYsCbc,such a wh0re ,58,148,129,False,False,True,False
16,136579ee-a212-34b0-b4b8-69ba529f4d7f,RANKED_SOLO_5x5,MASTER,I,eImdDGpsHGzcAqcLbHS6k8ACmYwkW3bsNPFYQ3e43LvJ6q8,ttv Doglightning,57,688,678,False,False,True,False
17,136579ee-a212-34b0-b4b8-69ba529f4d7f,RANKED_SOLO_5x5,MASTER,I,rkiO4wA3VHyjpTHbDkZC-Hu12KMvYDFPQqkr2neHkNctars,Ravel Gaspard,57,324,266,False,False,True,False
18,136579ee-a212-34b0-b4b8-69ba529f4d7f,RANKED_SOLO_5x5,MASTER,I,ViwmFBQO9mt2bvtXl16dSX_UCIO4JJhx-SDjaeNzx9nJYD0,Loyal,57,275,264,False,False,True,False
19,136579ee-a212-34b0-b4b8-69ba529f4d7f,RANKED_SOLO_5x5,MASTER,I,UjIwMnQkdpaIRB9OUs6YgoYQxhImlx-N8VUgfqik53iPK4lT,ajang9,57,264,187,False,False,True,True
20,136579ee-a212-34b0-b4b8-69ba529f4d7f,RANKED_SOLO_5x5,MASTER,I,kTQkQb8Easdkr5Y8ZfobbP0UH_iwxuuduir4MRecw_bvEg68,you give elo,57,203,137,False,False,False,False
21,136579ee-a212-34b0-b4b8-69ba529f4d7f,RANKED_SOLO_5x5,MASTER,I,r5ulE07KlRNeJBS6hwl9uRUYIS-sDtGnSVU-JL3bfYZw3v8,Hachimitsu,56,144,120,False,False,True,False
22,136579ee-a212-34b0-b4b8-69ba529f4d7f,RANKED_SOLO_5x5,MASTER,I,VFEfkB0C4-khKzXOf_CmFM726BlbbXXTb-cYmk-h1ejqxv4,HunChiDengTang,55,521,458,False,False,False,True
23,136579ee-a212-34b0-b4b8-69ba529f4d7f,RANKED_SOLO_5x5,MASTER,I,Za0X46zDEacqbyZYkzFwgp1HmKyA40gcxbP8ecDJ6qqQAe8,RiceLegend,55,510,486,False,False,True,False
24,136579ee-a212-34b0-b4b8-69ba529f4d7f,RANKED_SOLO_5x5,MASTER,I,mShw6iLvSWsChW7_lBmMm7LjLioDHjC57-x8epSh9xhxTog,Last Tempest,55,161,141,False,False,True,False
25,136579ee-a212-34b0-b4b8-69ba529f4d7f,RANKED_SOLO_5x5,MASTER,I,VepfWdUkR0FOBgz0i5lAWjOhS77eTl0-pgMu8K-c9F4Sc18,Kevy C,54,275,259,False,False,True,False
26,136579ee-a212-34b0-b4b8-69ba529f4d7f,RANKED_SOLO_5x5,MASTER,I,oD4Xz2-Ftkq_iglKKB-lGMpRj3QNx2PU-EMvhgP7DOlkNPE,Japanese Import,54,211,198,False,False,True,False
27,136579ee-a212-34b0-b4b8-69ba529f4d7f,RANKED_SOLO_5x5,MASTER,I,-LeTRYcnGtdr5-iA3GuPZ1iHClOjZe6Lg0BvfJ1JgwkhrYw,Top 1 Percent,54,190,175,False,False,True,False
28,136579ee-a212-34b0-b4b8-69ba529f4d7f,RANKED_SOLO_5x5,MASTER,I,RXEUQu07V6GM7TeegtXg269l5N5dB0teXU1GnTPmYgwI-8n0,RED99,54,168,102,False,False,True,False
29,136579ee-a212-34b0-b4b8-69ba529f4d7f,RANKED_SOLO_5x5,MASTER,I,jNH4ifJY7V64yjCnJvJ4_0yil71yn6Z2vcsEa5T8-W3OB1g,Ayukura,54,128,117,False,False,True,False
30,136579ee-a212-34b0-b4b8-69ba529f4d7f,RANKED_SOLO_5x5,MASTER,I,VqeGa9tkJkaTLiQDUJp8NQgsk8utxcQTP8uPeFKxIyTjWuc,Grapermelon,53,342,311,False,False,True,True
31,136579ee-a212-34b0-b4b8-69ba529f4d7f,RANKED_SOLO_5x5,MASTER,I,ycDkNg_aasFXwKjIdZXK6ObMbJNLcRI0bpnYVTMPS0abQps,ps 01,52,585,584,False,False,True,False
32,136579ee-a212-34b0-b4b8-69ba529f4d7f,RANKED_SOLO_5x5,MASTER,I,LFo456qFsN6JOKEvMtfAElQJTvZJy6FDgndj7CvtFCuvPII,Speed0Demon,52,354,307,False,False,False,True
33,136579ee-a212-34b0-b4b8-69ba529f4d7f,RANKED_SOLO_5x5,MASTER,I,noN-vaY4SIDPmCTLIclnXiv85TnLWiR2Pcopl1du7MJyJnU,Anarchist Matt,52,194,122,False,False,True,True
34,136579ee-a212-34b0-b4b8-69ba529f4d7f,RANKED_SOLO_5x5,MASTER,I,oVlkHCykNvz-YLiAX6San9Fs4QPy1bPmL4Bcp_ccDp43mxg,ASTHTCS,52,74,37,False,False,True,False
35,136579ee-a212-34b0-b4b8-69ba529f4d7f,RANKED_SOLO_5x5,MASTER,I,bgj6nBu8-isZI7n-r4T8qOsJB2Tefb44-VzkcIDgZDXSC5Y,Hogan,51,331,304,False,False,True,True
36,136579ee-a212-34b0-b4b8-69ba529f4d7f,RANKED_SOLO_5x5,MASTER,I,sq-UM8xbjxFKzmYivkZCYKVJdePJVtaodZITpMJlVfikTHI,Shi yao,51,190,150,False,False,False,False
37,136579ee-a212-34b0-b4b8-69ba529f4d7f,RANKED_SOLO_5x5,MASTER,I,Xx36x9wjcHKd6c6c2aF0nDfNYK58osI3uR3ooB3iUdDfMzM,Mordekaiser4life,51,169,151,False,False,True,False
38,136579ee-a212-34b0-b4b8-69ba529f4d7f,RANKED_SOLO_5x5,MASTER,I,CoTKeHdaKx-SU98Stki1zSVPF2M1NeI5F_R-15iFU9ARxo4,Pride Jia,50,451,436,False,False,True,True
39,136579ee-a212-34b0-b4b8-69ba529f4d7f,RANKED_SOLO_5x5,MASTER,I,kIEBKNlojB_7qxdUwehhWRVcZ-j9lb2VyyLd1b9b7fQmdqvh,XKatarinaAIX,50,369,360,False,False,False,True
40,136579ee-a212-34b0-b4b8-69ba529f4d7f,RANKED_SOLO_5x5,MASTER,I,IMFj5YA8UiVsnXqYE8I_TFA_gojdkruBNGLK6ixfl_it14o,ˆºˆˆºˆˆºˆ,50,186,146,False,False,True,False
41,136579ee-a212-34b0-b4b8-69ba529f4d7f,RANKED_SOLO_5x5,MASTER,I,gvfZvcfXxxFZZLefRzFKjyYH1ZKnEYvrm3uILjyWLGJEBvU,X3JIE,50,163,133,False,False,False,False
42,136579ee-a212-34b0-b4b8-69ba529f4d7f,RANKED_SOLO_5x5,MASTER,I,znFGYtDqpIvoOscU2RfkxdAQl5HzCYmJBQlq366Kt2oBgRQ,Dog Team Woof,50,101,80,False,False,False,False
43,136579ee-a212-34b0-b4b8-69ba529f4d7f,RANKED_SOLO_5x5,MASTER,I,nu4hr2PWwvlJSE2-wLxRBQyzUyk6dzpHKpZk4BlKmtFq1YY,NOBAN SETT SYLAS,49,197,169,False,False,True,True
44,136579ee-a212-34b0-b4b8-69ba529f4d7f,RANKED_SOLO_5x5,MASTER,I,Need84xV8hMLo-6EcKUXfF6STKeYgLnAs2LOcWh_sEQNas8,Arcsecond,48,613,616,False,False,True,False
45,136579ee-a212-34b0-b4b8-69ba529f4d7f,RANKED_SOLO_5x5,MASTER,I,bS2SjI8tnc50wzpJp_fGJSMDzzoLbTqQfKe2gOIZOW75Wf4,Soraxus,48,271,255,False,False,True,False
46,136579ee-a212-34b0-b4b8-69ba529f4d7f,RANKED_SOLO_5x5,MASTER,I,9Y3dCBDi_VD_LFG5hHrUlEBUZbLSEPXFWFzvs27xpSy5wjU,Max JG,47,530,488,False,False,True,False
47,136579ee-a212-34b0-b4b8-69ba529f4d7f,RANKED_SOLO_5x5,MASTER,I,-JAX_FD0WUAbw-59CzYYut_x7qS-5ofy3E8DGkdimsbFGw8,         Chòsen1,47,187,148,False,False,False,False
48,136579ee-a212-34b0-b4b8-69ba529f4d7f,RANKED_SOLO_5x5,MASTER,I,VnlbEBkQ8LyGCqABC8Zlng759Y0C_oWArPltgPEdw3J7wQ4,Nelsonºs Cat,47,168,136,False,False,False,False
49,136579ee-a212-34b0-b4b8-69ba529f4d7f,RANKED_SOLO_5x5,MASTER,I,nDy9-fcCH9IVaRXyC-kE8rxwHTDcxy5kmEi_3_4gLjX7pq8,Brown Man Darius,46,632,606,False,False,True,False
50,136579ee-a212-34b0-b4b8-69ba529f4d7f,RANKED_SOLO_5x5,MASTER,I,c37t4_pXxxe9wmvDrwCJIL9OkmUoYSK5ZM7iA3j9aFpfrtY,Lil Dylz,46,328,285,False,False,True,False
51,136579ee-a212-34b0-b4b8-69ba529f4d7f,RANKED_SOLO_5x5,MASTER,I,ZLMY-0HHkzMCWcIludTkbsqYLxqMFka3bb2VWPAsX1WYyB4,wuuuzy,46,305,250,False,False,True,True
52,136579ee-a212-34b0-b4b8-69ba529f4d7f,RANKED_SOLO_5x5,MASTER,I,gDM8o4hF-VvUZJywA7WIDheadqJonR9HzLtQE8Z3L1kTQ-0,HopefuI,46,176,168,False,False,True,False
53,136579ee-a212-34b0-b4b8-69ba529f4d7f,RANKED_SOLO_5x5,MASTER,I,q_kpWXwVTRv1g-qLDipDjZng_X-qUWBhIzzeXHctrJeD6fY,liu zhen,46,144,97,False,False,True,False
54,136579ee-a212-34b0-b4b8-69ba529f4d7f,RANKED_SOLO_5x5,MASTER,I,4bHaSOW1ulY04Bz_0BJ5I4FDdI8kqKEXC1nd-zsPv2CIf0c,Esta es mi smurf,46,130,115,False,False,False,True
55,136579ee-a212-34b0-b4b8-69ba529f4d7f,RANKED_SOLO_5x5,MASTER,I,WCPjZz4obreATc5hjNfcL5uGMY4utZD_Lic43rynZx6t_Q0,Chicken LittIe,45,307,294,False,False,True,False
56,136579ee-a212-34b0-b4b8-69ba529f4d7f,RANKED_SOLO_5x5,MASTER,I,eSV7CaWftincTgFEgA3zAfH4iKgVM2yElrYfL3g_0S5O-6M,HøtSexyLàZzGer,45,290,272,False,False,True,False
57,136579ee-a212-34b0-b4b8-69ba529f4d7f,RANKED_SOLO_5x5,MASTER,I,HEREzz0Z1yhnepMhk2kwgAyrOhl-gREeGkpF9lvZmQ8g4KY,Sertra,44,336,299,False,False,True,False
58,136579ee-a212-34b0-b4b8-69ba529f4d7f,RANKED_SOLO_5x5,MASTER,I,aGyHm3B4TK78vWb2bVxVkocjXTIKq3Do44Di2PsF5pPMbf0,Ghoulster,44,117,100,False,False,True,False
59,136579ee-a212-34b0-b4b8-69ba529f4d7f,RANKED_SOLO_5x5,MASTER,I,EEcyAaEiQ7lY7z88zmD2haA0rN-L218hsR7wkIrNQGLcF64,carry mo,43,184,175,False,False,False,False
60,136579ee-a212-34b0-b4b8-69ba529f4d7f,RANKED_SOLO_5x5,MASTER,I,mcRJeFq_tlfbA0TPYB6uSBdVu_Votwu0lXgP3f6XaCda8Uk,Cylainius,42,739,727,False,False,False,False
61,136579ee-a212-34b0-b4b8-69ba529f4d7f,RANKED_SOLO_5x5,MASTER,I,iehY-AB3hGVIu_oNihezeZ7CkIMpxIPHuDSr9HxolharyTQ,gemí,42,430,397,False,False,True,False
62,136579ee-a212-34b0-b4b8-69ba529f4d7f,RANKED_SOLO_5x5,MASTER,I,M0rSxD1qp8SOqRKyi5I9R-6i8vvxe4jCKa0p6yVBRMhIbXQ,Sohnar,42,281,270,False,False,True,False
63,136579ee-a212-34b0-b4b8-69ba529f4d7f,RANKED_SOLO_5x5,MASTER,I,AtZGPAu0A2sx1sQDyenBrld_jcUQFC4CauZSYsBN0g3J48Kv,Omegie,42,110,100,False,False,True,False
64,136579ee-a212-34b0-b4b8-69ba529f4d7f,RANKED_SOLO_5x5,MASTER,I,HmjkRxexKZI96RW2NLtxxFcibhQV1m_PwyTgURtLViKc6w-_,Alcove Prince,41,267,221,False,False,True,False
65,136579ee-a212-34b0-b4b8-69ba529f4d7f,RANKED_SOLO_5x5,MASTER,I,H8twxpstAvk_MeQSKfq_o_2lCMG7-z82Wl9Y_x3QKx7t324,i am a dunk,41,257,196,False,False,False,False
66,136579ee-a212-34b0-b4b8-69ba529f4d7f,RANKED_SOLO_5x5,MASTER,I,rlQgRBvfBC7CpzB7007p64L66uipyipmePfqpFhSfI6VKsw,404 FileNotFound,41,192,175,False,False,True,False
67,136579ee-a212-34b0-b4b8-69ba529f4d7f,RANKED_SOLO_5x5,MASTER,I,0jZhVxTGCnYwe2mh7LgOKW0_xbM5AyeFVVPv9_mIwov8IIw,SoldMySon4Cow,40,92,60,False,False,True,True
68,136579ee-a212-34b0-b4b8-69ba529f4d7f,RANKED_SOLO_5x5,MASTER,I,gLMrOBvQmKpkj8Zsq7SupAB9VQBnm9rNsuepwgx-xAvNIFg,Ziz,39,333,303,False,False,True,False
69,136579ee-a212-34b0-b4b8-69ba529f4d7f,RANKED_SOLO_5x5,MASTER,I,ZBg0oATnR_UuY1A-Ugs6WG3pxQcIcireJ93BpS0JEWyWjgA,AIl We Fight For,39,239,159,False,False,True,False
70,136579ee-a212-34b0-b4b8-69ba529f4d7f,RANKED_SOLO_5x5,MASTER,I,6D8flsLGmnhcixoBSAp4jz7GFTCPmUIil46mRgSuiiKPc7I,Drewop,38,220,193,False,False,False,False
71,136579ee-a212-34b0-b4b8-69ba529f4d7f,RANKED_SOLO_5x5,MASTER,I,4ZNrY6i_IlKFHTC0ZFig2hBqpg7uJ8TXallVEELkVfITXRM,Riot Auberaun,38,128,105,False,False,False,False
72,136579ee-a212-34b0-b4b8-69ba529f4d7f,RANKED_SOLO_5x5,MASTER,I,xCt8fQq7K9UKDKE6n596ei_2iy5LLCk790F3c5dnFQ_JJa2i,blue ping,38,51,30,False,False,False,False
73,136579ee-a212-34b0-b4b8-69ba529f4d7f,RANKED_SOLO_5x5,MASTER,I,lnWa_XTou-X7m6QOwXOVzhcgJc0NG3Yfdsl-Q3fK0WqqFf0,GKyrios,37,532,515,False,False,True,True
74,136579ee-a212-34b0-b4b8-69ba529f4d7f,RANKED_SOLO_5x5,MASTER,I,TOUrF_j6XcI5NMEZLgwG0E2ZYVCYG44EUqpJaUAG35M3MZi4,Lost in Wins,37,266,202,False,False,False,False
75,136579ee-a212-34b0-b4b8-69ba529f4d7f,RANKED_SOLO_5x5,MASTER,I,HM83JmH5lv_1GYMCcSvX9tUM3AHnZczs6VYdfthW8J40cO6M,LeokNm,37,62,29,False,False,True,False
76,136579ee-a212-34b0-b4b8-69ba529f4d7f,RANKED_SOLO_5x5,MASTER,I,7Cq64FNA22srZab4SaCC8Pe5KAlSz0SblJvTANM-W2_ExzA,wtjd,36,660,648,False,False,True,False
77,136579ee-a212-34b0-b4b8-69ba529f4d7f,RANKED_SOLO_5x5,MASTER,I,OtC4U4REE9G03ZpDlj3_1t-0Hj7JIYz4SPfKgUnnwbGuqDs,Teacuppers,36,250,216,False,False,True,False
78,136579ee-a212-34b0-b4b8-69ba529f4d7f,RANKED_SOLO_5x5,MASTER,I,9_szB8M3NlfoMpjChT-27XA1I9HOGl2WpfjhoaJpE8qmS5PJ,Hecariminal,35,759,717,False,False,True,False
79,136579ee-a212-34b0-b4b8-69ba529f4d7f,RANKED_SOLO_5x5,MASTER,I,j1L_KwEUlci77KC8DdMl0XggizgU4rfn0gzVA-8bBHzJDMQ,Rivëń,35,177,131,False,False,True,False
80,136579ee-a212-34b0-b4b8-69ba529f4d7f,RANKED_SOLO_5x5,MASTER,I,Cr34eVRr-D0x5sg_2GVKJIVNbttVLHAlBHb1oQ87fFSMBt4,Yuki,35,154,124,False,False,True,False
81,136579ee-a212-34b0-b4b8-69ba529f4d7f,RANKED_SOLO_5x5,MASTER,I,CMg_Zwci7n0loABr9nqWegv4ps2eTPrbQKV--bYyqzXoidI,Injustable,35,117,77,False,False,False,True
82,136579ee-a212-34b0-b4b8-69ba529f4d7f,RANKED_SOLO_5x5,MASTER,I,tA9FOTUwFX6JIJ2VDV3AuMNlVxhdlSl7WebQQQm-RUNBQFE,T1 Reve,35,108,86,False,False,False,True
83,136579ee-a212-34b0-b4b8-69ba529f4d7f,RANKED_SOLO_5x5,MASTER,I,1nOS32LvZZmCnRS0rhtmof9y57TgKTzZ72T5zAORb6aR9l8,blue harpoon,34,514,488,False,False,True,False
84,136579ee-a212-34b0-b4b8-69ba529f4d7f,RANKED_SOLO_5x5,MASTER,I,aRdkWXyIerDQ9NLZX_UMiQQmlfpFyLUpEHbyO5eRv9MJGrs,DWG Shoémaker,34,243,244,False,False,False,False
85,136579ee-a212-34b0-b4b8-69ba529f4d7f,RANKED_SOLO_5x5,MASTER,I,sSUFYl_24b-3vOReqB_GEXsNPdXbyf-W5fwMFg9Smg1br7c,Kdrama,34,209,203,False,False,True,False
86,136579ee-a212-34b0-b4b8-69ba529f4d7f,RANKED_SOLO_5x5,MASTER,I,_TP3686IplnQxe56CrLe7mPiOIzvdJTQNMy9Aoj1v7We0ZA,I am lzaac,34,175,146,False,False,True,True
87,136579ee-a212-34b0-b4b8-69ba529f4d7f,RANKED_SOLO_5x5,MASTER,I,BVTaIfXYWd_r0RgBN87Yre9lEg_AI0M09DE0gtI6wMITj3g,TheJonasBrothers,34,108,71,False,False,True,True
88,136579ee-a212-34b0-b4b8-69ba529f4d7f,RANKED_SOLO_5x5,MASTER,I,dSS_RX1Itlg1gGa8W15YNTcNCRJP-0fn1ho8RNhYl0Wcxtwg,Cat1v9,33,414,348,False,False,True,False
89,136579ee-a212-34b0-b4b8-69ba529f4d7f,RANKED_SOLO_5x5,MASTER,I,6Sl4tvu1f5CG8Ewt9bO-KFMjD8EBSWisPFs5B84yp9dHtkE,Upset1,33,292,266,False,False,True,False
90,136579ee-a212-34b0-b4b8-69ba529f4d7f,RANKED_SOLO_5x5,MASTER,I,bqFtTj9nZ6619cCiacE-7RylxnCFGgwD6N_q1WTSVBB1Xts,im avi,33,206,182,False,False,False,True
91,136579ee-a212-34b0-b4b8-69ba529f4d7f,RANKED_SOLO_5x5,MASTER,I,7JmOvJBR7zR6vyMyXtE8otZBrvIrc4xfEEDpMjsXdqcTycI,Prymari,32,631,629,False,False,True,False
92,136579ee-a212-34b0-b4b8-69ba529f4d7f,RANKED_SOLO_5x5,MASTER,I,LB15SgxcfbNXVUXNTRXvP96cfZdjWyAnHmksIMqs35_VN4A,lllIIIIllIIIIll,32,502,448,False,False,True,False
93,136579ee-a212-34b0-b4b8-69ba529f4d7f,RANKED_SOLO_5x5,MASTER,I,IR3ShBRHZ5fFjHiPjLMR9aTf5GsvUoz3mLbzuPLnlxqKE-Y,Lín An,32,173,143,False,False,True,False
94,136579ee-a212-34b0-b4b8-69ba529f4d7f,RANKED_SOLO_5x5,MASTER,I,j3ufAxn3NuaaUpGjsAKe0RoXKsS6Zo0rEsdvcKoeaRK0eM4,SteelCityWarrior,32,163,136,False,False,True,False
95,136579ee-a212-34b0-b4b8-69ba529f4d7f,RANKED_SOLO_5x5,MASTER,I,fVMMZS8ckTnBlIu2D3inKHM3EoJXOq4XioPVEfsWrHssGEg,Apple Slice,32,84,55,False,False,True,True
96,136579ee-a212-34b0-b4b8-69ba529f4d7f,RANKED_SOLO_5x5,MASTER,I,pqN68uE6K0dUinotAeBGDALWekhnRPOr0XG22attitYyJJQ,Skki,31,476,444,False,False,True,False
97,136579ee-a212-34b0-b4b8-69ba529f4d7f,RANKED_SOLO_5x5,MASTER,I,pVrDJb0c2ZOI_19KCiNuSj05Z1QADlbEOWCM9QUqzGwgh-0,JohnnstR,31,296,283,False,False,False,False
98,136579ee-a212-34b0-b4b8-69ba529f4d7f,RANKED_SOLO_5x5,MASTER,I,jqGVb2K0C6QZYsSc8Wp5hRdr2hIcUCwBNDJZn3PZ80rCBns,Silent Steps,31,294,287,False,False,True,False
99,136579ee-a212-34b0-b4b8-69ba529f4d7f,RANKED_SOLO_5x5,MASTER,I,mVxTv32pl_5lI04i_I3A-NMpNBiXmOgcHl6XfPfIlmWzSMc,Moke,31,226,214,False,False,True,False
100,136579ee-a212-34b0-b4b8-69ba529f4d7f,RANKED_SOLO_5x5,MASTER,I,dOX7o0uRmYRtBlw_nMYEinO-NSExp8r1kA00cT2fbdGNC58,T Dragon,31,182,147,False,False,True,False
101,136579ee-a212-34b0-b4b8-69ba529f4d7f,RANKED_SOLO_5x5,MASTER,I,bcH2IiDZLzNYKL0Q9wXYvxJAr_x-R7Z3ybaX4BE1NPZIr77E,n0 dreams,31,162,106,False,False,False,False
102,136579ee-a212-34b0-b4b8-69ba529f4d7f,RANKED_SOLO_5x5,MASTER,I,MtxvPrsLNflIB-701I6YtJFo5tTHvsfAwRWnFFrE_M9rkHc,FuNkY mOnEy,31,151,112,False,False,False,False
103,136579ee-a212-34b0-b4b8-69ba529f4d7f,RANKED_SOLO_5x5,MASTER,I,IGmj-LAkThkZSK0y4j-igeZpxLt5WD4lG44O4y8EYyxlygjs,Bloodshed Begin,31,123,58,False,False,False,True
104,136579ee-a212-34b0-b4b8-69ba529f4d7f,RANKED_SOLO_5x5,MASTER,I,mnqcLZQLlwsJtVvJV7naOl1Xzvw1kGkycHqDYrhsAYUfiME,zzoboL,30,266,239,False,False,True,False
105,136579ee-a212-34b0-b4b8-69ba529f4d7f,RANKED_SOLO_5x5,MASTER,I,FHM7_ou0tfdBiMundCe9wO9g4OTPbyMNCYVfKShuWswjMgA,Osama b1n Laden,30,95,70,False,False,False,False
106,136579ee-a212-34b0-b4b8-69ba529f4d7f,RANKED_SOLO_5x5,MASTER,I,ekuftsMXqjqBJNLAW9GhSEtpBtkxvZZxw2VESK_OmbjT1m4,REEEEEEÈ,30,73,52,False,False,True,False
107,136579ee-a212-34b0-b4b8-69ba529f4d7f,RANKED_SOLO_5x5,MASTER,I,Naa54WLHKE3ulGrbd4kUZIG2xqNpJXpdMKJVkJBZKzR74xM,Gabex,29,394,378,False,False,False,False
108,136579ee-a212-34b0-b4b8-69ba529f4d7f,RANKED_SOLO_5x5,MASTER,I,hUxmDrPXLvWPYF8rHAEY1I4cIuM_K_r5eLByo5Z8xh53W9A,Peter Trann,29,379,372,False,False,True,False
109,136579ee-a212-34b0-b4b8-69ba529f4d7f,RANKED_SOLO_5x5,MASTER,I,twiwNWbzZlMzbI2yRIlkIfp3Io0fcOm66Y3Jebx-ZBx9T3TC,SkyTec,29,164,107,False,False,True,False
110,136579ee-a212-34b0-b4b8-69ba529f4d7f,RANKED_SOLO_5x5,MASTER,I,nBkO_--UUK2YrVkvBkSqxSlEfhBUuHSuVI5_vRJx9tPWI8I,Booky Boos,28,702,695,False,False,True,False
111,136579ee-a212-34b0-b4b8-69ba529f4d7f,RANKED_SOLO_5x5,MASTER,I,DYSCCitsjevKfDsSAmHyh7h13G83tlNlxC34dPvsRmptmH4,Time2Win,28,585,579,False,False,False,False
112,136579ee-a212-34b0-b4b8-69ba529f4d7f,RANKED_SOLO_5x5,MASTER,I,7oT94WxbjADQKEHsXzD8IJyABkjxj7R0pWDkk7AdeZpwLiY,Modifyed9,28,558,558,False,False,True,False
113,136579ee-a212-34b0-b4b8-69ba529f4d7f,RANKED_SOLO_5x5,MASTER,I,7MQegtih33seuR5rMngLSZVfm50yh78ASH5l1US89PvvMWA,Phyxae,28,384,372,False,False,True,False
114,136579ee-a212-34b0-b4b8-69ba529f4d7f,RANKED_SOLO_5x5,MASTER,I,oHfG-jc1_Q7Pk--DcZOA-bxTS-balQzDU2yFPTXclWq-EfQ,Yung Karth,28,348,341,False,False,False,False
115,136579ee-a212-34b0-b4b8-69ba529f4d7f,RANKED_SOLO_5x5,MASTER,I,CBzD3IUUKBTgLmDtT85d7s5WwJwgwW4FXTMByloz6wnu1lGn,BACKSEATGAMER1,28,159,84,False,False,True,False
116,136579ee-a212-34b0-b4b8-69ba529f4d7f,RANKED_SOLO_5x5,MASTER,I,iSk_yA8lpx9_pq0clzUZ8URKw8xn4f3_89Kr-i-Ucrv__XAR,Greatswordslam,27,492,420,False,False,True,False
117,136579ee-a212-34b0-b4b8-69ba529f4d7f,RANKED_SOLO_5x5,MASTER,I,aT5v4LYKVWI6cASlDReHwVWD79ejCwzUPoMdl4ms5Fu2WUM,finesser,27,168,157,False,False,True,False
118,136579ee-a212-34b0-b4b8-69ba529f4d7f,RANKED_SOLO_5x5,MASTER,I,WfWNwDHVuwDC049N64QdBza0qlPzzteplSVyNMRmKvy0tl0U,Andoqs,26,484,381,False,False,True,False
119,136579ee-a212-34b0-b4b8-69ba529f4d7f,RANKED_SOLO_5x5,MASTER,I,xTfefHdFsOp0J1_IJcM4Yjsjnx20cmv-xyunCUeWg6-tUf4,Yue Ye,26,200,135,False,False,False,False
120,136579ee-a212-34b0-b4b8-69ba529f4d7f,RANKED_SOLO_5x5,MASTER,I,6RyvIWZtICJuQMBPVABqLXWFtDkA2qf2rH6syMm1t_EB_hw,Over 16 characte,25,678,676,False,False,True,False
121,136579ee-a212-34b0-b4b8-69ba529f4d7f,RANKED_SOLO_5x5,MASTER,I,VXK4o1_KF-c9R107DUijdNAHfg_C38DAfjc7xWNFwUVsZ2k,Fanthom,25,278,269,False,False,True,False
122,136579ee-a212-34b0-b4b8-69ba529f4d7f,RANKED_SOLO_5x5,MASTER,I,IdC0DfjX5lrYo0zFeheSXk4rAoww25fxlKXOAtLmVXDp6aNF,sadgfdhhtes,25,207,132,False,False,True,False
123,136579ee-a212-34b0-b4b8-69ba529f4d7f,RANKED_SOLO_5x5,MASTER,I,ZG13tJS4qobvorKtCiaL-8tiTWhJyEvrGA7LeiKHeaOOskY,BlitzoIogy,25,183,158,False,False,False,False
124,136579ee-a212-34b0-b4b8-69ba529f4d7f,RANKED_SOLO_5x5,MASTER,I,1oenkRRjsV1ufpE6cqcCm0KyvGDu4DEdBR2dkwT2OSjSh-Jf,Vesson,24,224,142,False,False,True,False
125,136579ee-a212-34b0-b4b8-69ba529f4d7f,RANKED_SOLO_5x5,MASTER,I,khC2LZBhjtXt4U7xXyq-PT1UniXb-BDVuBmQ80aMNbiHAEY,Only Like you,24,163,141,False,False,False,False
126,136579ee-a212-34b0-b4b8-69ba529f4d7f,RANKED_SOLO_5x5,MASTER,I,yzTsUpby_7Dy_cMvwdC5GoPjLlBYT-tG608GMEj2mBwQ35o,Jakoshade,23,603,598,False,False,True,False
127,136579ee-a212-34b0-b4b8-69ba529f4d7f,RANKED_SOLO_5x5,MASTER,I,pF2y0ZDppkIbwPguqWuplsh7gFP-0hKKkebGGPP-An_FCAw,OpenBackpack,23,449,436,False,False,True,True
128,136579ee-a212-34b0-b4b8-69ba529f4d7f,RANKED_SOLO_5x5,MASTER,I,EzZHtZ8mMIcDRkeFEtAKi5hKMusIeaShK9hTDlHafRr_MzI,AHAHAHAHAA PAIN,23,415,413,False,False,True,False
129,136579ee-a212-34b0-b4b8-69ba529f4d7f,RANKED_SOLO_5x5,MASTER,I,vX-N7PNDSlUsahxGX1tF6uCLw6sX4J9728OHlYUj8cKzK8o,TouchedAFish,22,586,529,False,False,True,False
130,136579ee-a212-34b0-b4b8-69ba529f4d7f,RANKED_SOLO_5x5,MASTER,I,9U-5ajQf6xUgrCUIucRWRcyddfTIJYUQKKmEqv9ToK0_Xig,Katanivarina,22,494,392,False,False,True,False
131,136579ee-a212-34b0-b4b8-69ba529f4d7f,RANKED_SOLO_5x5,MASTER,I,V-7dDG6Bq9TAKFOq-2Y-KTII2iZNcBPt2ITywA9hTG3dvvA,Contempt,22,466,465,False,False,False,False
132,136579ee-a212-34b0-b4b8-69ba529f4d7f,RANKED_SOLO_5x5,MASTER,I,LV9D1qNWIRyNZNMvFd_biShdyfiV-oT3gbme6jitvX5d8rQ,Fbgg Hanjaro,22,449,439,False,False,True,False
133,136579ee-a212-34b0-b4b8-69ba529f4d7f,RANKED_SOLO_5x5,MASTER,I,B1hBIbRoEtsqG7aDJS5V-5VRvah6MQmmQ7awYk6Mnx92a4I,CensoredMercy,22,348,326,False,False,False,False
134,136579ee-a212-34b0-b4b8-69ba529f4d7f,RANKED_SOLO_5x5,MASTER,I,nZT18dzMfY2S39wCYjkQj-2ntzeWTMA7owc-BNae3FkfscA,xing chén,22,338,309,False,False,False,False
135,136579ee-a212-34b0-b4b8-69ba529f4d7f,RANKED_SOLO_5x5,MASTER,I,_LiUhIzOFIjNqFlhekSZyU9aXmChBM2pgvvmgRqmrTBqKxm_,Hot Ruffles  ,22,237,215,False,False,False,False
136,136579ee-a212-34b0-b4b8-69ba529f4d7f,RANKED_SOLO_5x5,MASTER,I,G986cblT6bJXpkihvbVhjfa-1hucd1I8PtoEP1BZRNnB7to,CrazedFool,21,735,665,False,False,True,True
137,136579ee-a212-34b0-b4b8-69ba529f4d7f,RANKED_SOLO_5x5,MASTER,I,T-5JzYVOB6AcaknD6L3f-JV0RwoKbaVT0ts69T3OgesBmSA,Defstruction,21,651,627,False,False,True,True
138,136579ee-a212-34b0-b4b8-69ba529f4d7f,RANKED_SOLO_5x5,MASTER,I,xWbCPPeZK1CsZnRfV1403nYn0yjvK7NvqsWx72_ymUcN2Ts,EDM Phantom,21,107,66,False,False,True,False
139,136579ee-a212-34b0-b4b8-69ba529f4d7f,RANKED_SOLO_5x5,MASTER,I,s_DS4gMNNmZZJqWOFmgn7T9fAIWZCR9CygEgK5HlVadwBKY,Klee QAQ,21,96,73,False,False,True,True
140,136579ee-a212-34b0-b4b8-69ba529f4d7f,RANKED_SOLO_5x5,MASTER,I,kf-oNZy16PJn4xV5QgweSbkUo5pz9QxRFtea999OPMIUUEpb,Kei Takebuchi,20,386,325,False,False,True,True
141,136579ee-a212-34b0-b4b8-69ba529f4d7f,RANKED_SOLO_5x5,MASTER,I,iZS7r6PrxgwbjAiIVpAlL8hKWUh58wVSYvo2OaBNbnMKHfo,mKonieczek,20,247,181,False,False,True,False
142,136579ee-a212-34b0-b4b8-69ba529f4d7f,RANKED_SOLO_5x5,MASTER,I,vofsETm-qWLY96LbLSiYfpNXwOWVx23eQcJS3Djw5ER0_Lc,Nismo370z,20,147,112,False,False,False,False
143,136579ee-a212-34b0-b4b8-69ba529f4d7f,RANKED_SOLO_5x5,MASTER,I,cFTkrmGs8q6h1y_mgUEy7lgntFS9DWNPxLuH787nebN6zo0,Tentakai,19,578,538,False,False,True,False
144,136579ee-a212-34b0-b4b8-69ba529f4d7f,RANKED_SOLO_5x5,MASTER,I,JgGQJh95IywMYcmuM6EzrBZqqzov3humRQaJ7riPE1rzqx0,Memorìes,19,354,344,False,False,True,False
145,136579ee-a212-34b0-b4b8-69ba529f4d7f,RANKED_SOLO_5x5,MASTER,I,QOnu25vuhCzUqAxzspDQxC2Favqimn83QFA0sxtFQfzQeo2l,Under Lemon Tree,19,263,201,False,False,True,True
146,136579ee-a212-34b0-b4b8-69ba529f4d7f,RANKED_SOLO_5x5,MASTER,I,LNxoedM-wb5MhyLiS6-z3UUj_KgR8rD1TkcBFdh__diPrQ4,Riot H4xDefender,19,134,112,False,False,False,False
147,136579ee-a212-34b0-b4b8-69ba529f4d7f,RANKED_SOLO_5x5,MASTER,I,eW0cF03wfSg56mscMTSnVq8wkFdbj-XMYinBgjOkde0viR0,saranghae uwu,18,880,846,False,False,False,False
148,136579ee-a212-34b0-b4b8-69ba529f4d7f,RANKED_SOLO_5x5,MASTER,I,J-WW7DXwvs6rD3YWGI6Gtwhq2AEu68ePnpwCpabNQt5lnN8,James Jeong,18,610,596,False,False,True,False
149,136579ee-a212-34b0-b4b8-69ba529f4d7f,RANKED_SOLO_5x5,MASTER,I,sE_pa3rPTAvNpFJ0O5MUi2k_yl2XlWby2DWenlb17qkXYsc,MyOwnProfile,18,520,516,False,False,True,False
150,136579ee-a212-34b0-b4b8-69ba529f4d7f,RANKED_SOLO_5x5,MASTER,I,jU5M_mCX7yWQM9pLfZqta3i-fKhaKW1NL8gxNmKM26OX0-0,Posture,18,383,377,False,False,True,False
151,136579ee-a212-34b0-b4b8-69ba529f4d7f,RANKED_SOLO_5x5,MASTER,I,oFwgdrjLGRFmG8sWB3SPxlrXzZHhjk81GWe6SxMgl1bB4qU,376,18,306,233,False,False,True,False
152,136579ee-a212-34b0-b4b8-69ba529f4d7f,RANKED_SOLO_5x5,MASTER,I,wC8ftYuojuHLdbQTcGbzrbR8S-Icd9wswns2KjcYN8npp3Y,ElusiveTapegun,18,302,296,False,False,True,False
153,136579ee-a212-34b0-b4b8-69ba529f4d7f,RANKED_SOLO_5x5,MASTER,I,W6tafu2cfFS3SgmYneaz3MiPLZ-4LmHkXQIlzZ69AlOvcVo,Alyri,18,288,236,False,False,True,True
154,136579ee-a212-34b0-b4b8-69ba529f4d7f,RANKED_SOLO_5x5,MASTER,I,6VFl1Zsq9jDI5VCBNMANM9OgC6ECNp1EbdYF_J6HpQZQWwg,Sunbeh,18,273,255,False,False,True,True
155,136579ee-a212-34b0-b4b8-69ba529f4d7f,RANKED_SOLO_5x5,MASTER,I,Ve20qU1pWgH5v7wENq5nUv8pzn3K3gJ1f92Pdxu34GIvQfg,Jian Xian,18,204,115,False,False,True,True
156,136579ee-a212-34b0-b4b8-69ba529f4d7f,RANKED_SOLO_5x5,MASTER,I,RnLwjIZWdhj17N0Xxbk_3EWFh3iIbNzHvKClWav3loCS3vM,Samwise Brave,18,195,185,False,False,True,False
157,136579ee-a212-34b0-b4b8-69ba529f4d7f,RANKED_SOLO_5x5,MASTER,I,FMe3GfGkP70eSFB_Yf0YwuWrBXNMeKmnUIl2R03In2OIfK4,0FFMETA,18,147,118,False,False,True,False
158,136579ee-a212-34b0-b4b8-69ba529f4d7f,RANKED_SOLO_5x5,MASTER,I,KIXVVvhnrTwRVr94Vmrl_qbRVtiXu61nBt9dLo3LeDD_bIA4,JG WAP,18,145,83,False,False,True,False
159,136579ee-a212-34b0-b4b8-69ba529f4d7f,RANKED_SOLO_5x5,MASTER,I,wE9O0o-0eGqmyM1FS4y8V-4yl15ci-oNlLHhgO1_k3WXgDg,sai desu,17,461,437,False,False,True,False
160,136579ee-a212-34b0-b4b8-69ba529f4d7f,RANKED_SOLO_5x5,MASTER,I,uR8tDQdpv0aoBtgH5tBftu6ysi7nhCROimw0-hgIhmaNOOQ,Harambe,17,447,430,False,False,False,False
161,136579ee-a212-34b0-b4b8-69ba529f4d7f,RANKED_SOLO_5x5,MASTER,I,fnjDfNdXnRlYp2l9LWSj0xWrRSWiKiFlk093axgWTSUGNQs,WaWario,17,368,347,False,False,False,False
162,136579ee-a212-34b0-b4b8-69ba529f4d7f,RANKED_SOLO_5x5,MASTER,I,NpcF-fMvAQIPqGZVHYF9MDml3qBR4S8K6Nw9DzV2R21Odhg,Triple Crownº,17,313,253,False,False,True,False
163,136579ee-a212-34b0-b4b8-69ba529f4d7f,RANKED_SOLO_5x5,MASTER,I,VQerkJzqUhTyo3qq1bLV3gsZNrDEIU9sJd0IXj2m5zRaQIc,Gobleeto,17,300,277,False,False,False,False
164,136579ee-a212-34b0-b4b8-69ba529f4d7f,RANKED_SOLO_5x5,MASTER,I,xXBMxIOn0X360jKJ5zK8vZGGqkppxvzDWSqJIj7riQQoz1I,Lovely Aries,17,278,246,False,False,False,False
165,136579ee-a212-34b0-b4b8-69ba529f4d7f,RANKED_SOLO_5x5,MASTER,I,VRFbm94dtt3SXoFOZaygk6zJqpcELPJqnkyk6nLBPoVj5o4,Thefeci,17,266,235,False,False,True,False
166,136579ee-a212-34b0-b4b8-69ba529f4d7f,RANKED_SOLO_5x5,MASTER,I,GDcVaQMcpG5rzaQ7H1pSSx4SPxRzWK8gGONbF2HmTyjutL4,Huntervault,17,258,238,False,False,False,False
167,136579ee-a212-34b0-b4b8-69ba529f4d7f,RANKED_SOLO_5x5,MASTER,I,nmV31JDDw9sHEEGUSvT6dM5Iy_mR1_5as-tO30E77x2AIRZ0,candyfloss,17,230,209,False,False,True,True
168,136579ee-a212-34b0-b4b8-69ba529f4d7f,RANKED_SOLO_5x5,MASTER,I,miwnOnKYcwWQ_ynolI6iMSjTIDFbOhkkfdET1tnOLjzEOPM,Poofu,17,175,162,False,False,True,True
169,136579ee-a212-34b0-b4b8-69ba529f4d7f,RANKED_SOLO_5x5,MASTER,I,AqEirQQvn_Hoddq2G7VVsXt2JLakfO3r9tEeL-_kfWCK0LEj,Tesfara,17,92,68,False,False,False,False
170,136579ee-a212-34b0-b4b8-69ba529f4d7f,RANKED_SOLO_5x5,MASTER,I,_8--mgVP3IInbZ4m4oKr2VUUARl3PPnGftbI_c8Tr5WcTFo,Vilmos Kovacs,17,86,59,False,False,False,False
171,136579ee-a212-34b0-b4b8-69ba529f4d7f,RANKED_SOLO_5x5,MASTER,I,bXs1wLYN0YT5CqmWeip1MsVChocudxa3J2xV9Us8Dpzh-Ng,Leeroy,17,35,22,False,False,True,False
172,136579ee-a212-34b0-b4b8-69ba529f4d7f,RANKED_SOLO_5x5,MASTER,I,VvV55ZnDEBfEw1hlFANO3abvG-TfflceNe1StVWZLxC86Nw,tales of omero,16,377,372,False,False,True,False
173,136579ee-a212-34b0-b4b8-69ba529f4d7f,RANKED_SOLO_5x5,MASTER,I,CJQYTZFdqPLopId3w5qXYKzlJXZ28slYBtF4NeEJvRJgRNU,lolRourke,16,307,284,False,False,True,False
174,136579ee-a212-34b0-b4b8-69ba529f4d7f,RANKED_SOLO_5x5,MASTER,I,m8oiJZqmB71tE4Z320eXszSUz36x_nNU1wJE1ZoMRP7KEbY,Big j8,16,253,240,False,False,True,False
175,136579ee-a212-34b0-b4b8-69ba529f4d7f,RANKED_SOLO_5x5,MASTER,I,N1yHHwsGbl064qOJZpT5HXDZIdwPx7QAM-fD10srm_HaqEA,VX defx1919,16,137,83,False,False,True,False
176,136579ee-a212-34b0-b4b8-69ba529f4d7f,RANKED_SOLO_5x5,MASTER,I,ZgHwcATJNL8b0UE4-iGZPn5H9Jg15GuzfF5bvcpxQ3mh42R4,a orange baby,16,106,45,False,False,True,False
177,136579ee-a212-34b0-b4b8-69ba529f4d7f,RANKED_SOLO_5x5,MASTER,I,Sfmk6YGesEB8Nhjvd3xLs73vQXFl181hgPWPxSaps42A_Yg,CruelDecisions,15,605,592,False,False,True,False
178,136579ee-a212-34b0-b4b8-69ba529f4d7f,RANKED_SOLO_5x5,MASTER,I,zhiA_5wG_GyjczEfi23RrFwhkBSSa_K7qe9JxXV30lQ_71U,UF Dan,15,519,493,False,False,True,False
179,136579ee-a212-34b0-b4b8-69ba529f4d7f,RANKED_SOLO_5x5,MASTER,I,VxLgBQLghB4AAdeKgmYlqFIqPznRPgcyiMd3AMwH6qKjp6I,Ornn Support,15,379,368,False,False,True,False
180,136579ee-a212-34b0-b4b8-69ba529f4d7f,RANKED_SOLO_5x5,MASTER,I,A0dhd_MfxE1mjsQubekxbOYpTc6vHu72GmVApJ8T7CwYxO0,Darkest ZED,15,317,235,False,False,False,True
181,136579ee-a212-34b0-b4b8-69ba529f4d7f,RANKED_SOLO_5x5,MASTER,I,PEJ868l5wbJ21UR0SbNxpeXhXVK32rlKOn88n9MVojEzYCI,jg is scapegoat ,15,224,220,False,False,False,False
182,136579ee-a212-34b0-b4b8-69ba529f4d7f,RANKED_SOLO_5x5,MASTER,I,xSes1S-UohakDFFgmj92RFop9rewJvs3uELr0AN8tlgSYWmh,TONY FERGUS0N,15,173,103,False,False,False,False
183,136579ee-a212-34b0-b4b8-69ba529f4d7f,RANKED_SOLO_5x5,MASTER,I,UPoKuvcdsbkYEi74NLF5fVuaLuYYiDP31DjOGSW9CVffhpys,platonic simp,15,172,110,False,False,True,False
184,136579ee-a212-34b0-b4b8-69ba529f4d7f,RANKED_SOLO_5x5,MASTER,I,P5JE-EL_0gc-qPH6YXjKoX7BZNT1_zEPo0-zWulpj7-d3qk,After Jou1ney,14,693,632,False,False,True,False
185,136579ee-a212-34b0-b4b8-69ba529f4d7f,RANKED_SOLO_5x5,MASTER,I,oUA9H3sq_J_2VmcHAjcJ7_K9KFAQGSO3jXHARUYgUYyo,Density,14,273,260,False,False,True,False
186,136579ee-a212-34b0-b4b8-69ba529f4d7f,RANKED_SOLO_5x5,MASTER,I,w5A2s6CFlb17ytqnZrHO-S_Y_ljtympfLhXJ-W0YMXraa5Y,charoenpanon,14,208,139,False,False,False,False
187,136579ee-a212-34b0-b4b8-69ba529f4d7f,RANKED_SOLO_5x5,MASTER,I,XX-ZoN6f-zABOxHDER4RpMbE0R0bzoQ_X71FAK3zWaiMzlg,CHSLD,14,191,130,False,False,True,False
188,136579ee-a212-34b0-b4b8-69ba529f4d7f,RANKED_SOLO_5x5,MASTER,I,L9JJeKRLzud8yjG1jXusz2tpSSOnEsxpMxiaLhhr1-mvhDM,me is who,14,85,59,False,False,False,False
189,136579ee-a212-34b0-b4b8-69ba529f4d7f,RANKED_SOLO_5x5,MASTER,I,RXFLXqn9LdxcUdPCYEnWayes-u9ZYXiI0lBEgwWW7DQXKB8,TwTvLolplayerbad,14,52,40,False,False,True,False
190,136579ee-a212-34b0-b4b8-69ba529f4d7f,RANKED_SOLO_5x5,MASTER,I,yXjHFyW-l6iNmIBFoGWnC09C3hd4xGZ0SjQW1pEdu6mVCzc,Where is My Xaya,13,681,651,False,False,True,False
191,136579ee-a212-34b0-b4b8-69ba529f4d7f,RANKED_SOLO_5x5,MASTER,I,46gum05TfwnJSXt2EZ7yBzFg3tzWEzu1xFvTGX5WKZhmwKk,NA BRAIN POWER,13,252,243,False,False,True,False
192,136579ee-a212-34b0-b4b8-69ba529f4d7f,RANKED_SOLO_5x5,MASTER,I,6KDUTNUlIYW3snh2ovepWHm0gFQAj9JiQN24SwJycG6mbFPz,Kanbi Nguyen,13,113,79,False,False,True,False
193,136579ee-a212-34b0-b4b8-69ba529f4d7f,RANKED_SOLO_5x5,MASTER,I,nESD-pwWplTdz-2yM6tvF90EbdFehmPpeBi2lnMU_u0G6dA,TheRealAce,11,902,861,False,False,True,False
194,136579ee-a212-34b0-b4b8-69ba529f4d7f,RANKED_SOLO_5x5,MASTER,I,lMXDaD_4mtx-iokGW7kAeI4Z-q0-jcpuio-Trm2RxoNxgles,Twitch,11,518,445,False,False,True,False
195,136579ee-a212-34b0-b4b8-69ba529f4d7f,RANKED_SOLO_5x5,MASTER,I,ImJ2qI87luR5h__GYLzAfI2Rr3ecbD2SwfJZWuIBIp-O0Ow,Ascendant,11,89,82,False,False,False,False
196,136579ee-a212-34b0-b4b8-69ba529f4d7f,RANKED_SOLO_5x5,MASTER,I,xWnD40Pa6F0acT0X21PPi44ycTxg7ggqOU7W3h9TQr6J-zo,Luıgi,10,191,182,False,False,False,False
197,136579ee-a212-34b0-b4b8-69ba529f4d7f,RANKED_SOLO_5x5,MASTER,I,9aZbxyJQcIj5cwovpY7Cb3Ro0XBGwSa4dhuxIaWUCQ28RP8,Arsenals,9,281,227,False,False,True,False
198,136579ee-a212-34b0-b4b8-69ba529f4d7f,RANKED_SOLO_5x5,MASTER,I,V25iqPMxUsCshYHevQhnYezqAGIHRN4pROTqSqcxGkuvNak,CrazyApe43,8,254,214,False,False,False,False
199,136579ee-a212-34b0-b4b8-69ba529f4d7f,RANKED_SOLO_5x5,MASTER,I,_Vkgdwy0VTcHo9xhG_1NnW-3kkzmIJ1_GeDVOVPqFIgtJVe5,Teemo Piggo,8,180,172,False,False,True,False
200,136579ee-a212-34b0-b4b8-69ba529f4d7f,RANKED_SOLO_5x5,MASTER,I,qjO-YMXUZuwLPWQoh_JLlv57fjVryqOFYJwkPyTPw6hsTLo,Split,6,991,986,False,False,False,False
201,136579ee-a212-34b0-b4b8-69ba529f4d7f,RANKED_SOLO_5x5,MASTER,I,ZS3-iE5wpgqL9aaCTtHhLILmlrms7YOwmXONJ7QSa0lYtQY,MEMEGIRL18,5,218,201,False,False,False,False
202,136579ee-a212-34b0-b4b8-69ba529f4d7f,RANKED_SOLO_5x5,MASTER,I,tlPJEGlj2rIDi7CW7oQ1sup0zWTp5JvQlyqHsc1TYQpc5AU,Kizeme,5,111,100,False,False,True,False
203,136579ee-a212-34b0-b4b8-69ba529f4d7f,RANKED_SOLO_5x5,MASTER,I,mtAWi3SFS-X6RXJ3LAdnKPQNFnSD82L9g1aIFZgf9KAjjd0,Yukimidi,4,462,393,False,False,False,False
204,136579ee-a212-34b0-b4b8-69ba529f4d7f,RANKED_SOLO_5x5,MASTER,I,0tO9qzHHY5NlTBEPrWqB5snt5APNPp_HPCQn4a2VVklx7yW_,IIIIIllllIIIIll,4,246,235,False,False,True,False
205,136579ee-a212-34b0-b4b8-69ba529f4d7f,RANKED_SOLO_5x5,MASTER,I,6e3K_gnriW6mhX5zF_E87j8OHNfGrdvfBpqqaqZV6EbO2f0,ColtPlaysLeague,3,442,410,False,False,False,False
206,136579ee-a212-34b0-b4b8-69ba529f4d7f,RANKED_SOLO_5x5,MASTER,I,P9HCIpJ3Sqe34zrzDPP20_a-7gt_nGxhqqMwx8RlKjjhZu8,Mataz,3,405,389,False,False,False,False
207,136579ee-a212-34b0-b4b8-69ba529f4d7f,RANKED_SOLO_5x5,MASTER,I,8iquUxc0bhAuDRKwdmxgvjKi5fQTABvqMLe76swpOyas1Yc,Þıchu,3,107,87,False,False,False,False
208,136579ee-a212-34b0-b4b8-69ba529f4d7f,RANKED_SOLO_5x5,MASTER,I,LmL90oJXS_qcaZqaiyIWefPbJMEHC6-NOwyuGk0xGyq0j6s,DolphinTorpedo,2,431,378,False,False,True,False
209,136579ee-a212-34b0-b4b8-69ba529f4d7f,RANKED_SOLO_5x5,MASTER,I,JC5t4SRR836u6RveI6y1wJyymDESnN_3oBnriFgIDkAWLMI,MrJuneJune,1,464,443,False,False,False,False
210,136579ee-a212-34b0-b4b8-69ba529f4d7f,RANKED_SOLO_5x5,MASTER,I,Wgg-Y9wEYOmcEoEf_XxYoQzIZYdQLxJGGFbdQ0xk8IE6qz4,Wet Weasel,1,308,263,False,False,False,False
211,136579ee-a212-34b0-b4b8-69ba529f4d7f,RANKED_SOLO_5x5,MASTER,I,XMAgRMeEjjx4Wj0ReeXdrvcSD6qPj1-PLibWrm29PNWUE4c,C405,1,285,263,False,False,True,False
212,136579ee-a212-34b0-b4b8-69ba529f4d7f,RANKED_SOLO_5x5,MASTER,I,wzjwfJx4pUN1LEGvdLu66mJ_-Hu9UkQ-0pZqX2Wy-m9ayOBz,12 yr old girl,1,122,86,False,False,True,False
213,136579ee-a212-34b0-b4b8-69ba529f4d7f,RANKED_SOLO_5x5,MASTER,I,Si0fFzddGV-V3DCHIAvLJJnHoF11FuferVt_klwmnpWLdIE,TyChee,0,1023,1031,False,False,True,False
214,136579ee-a212-34b0-b4b8-69ba529f4d7f,RANKED_SOLO_5x5,MASTER,I,zQrXkf_jF5q-cWF_IiVF-tY-iC9TLqn0dIP7KBo6QA9Ji0c,Academy Vladimir,0,942,931,False,False,True,False
215,136579ee-a212-34b0-b4b8-69ba529f4d7f,RANKED_SOLO_5x5,MASTER,I,3du1GVG0chCchiO0mj1oHhWlDaN7t8v6ngVpuTjhDfe_uIE,TrevorKTran,0,884,879,False,False,True,False
216,136579ee-a212-34b0-b4b8-69ba529f4d7f,RANKED_SOLO_5x5,MASTER,I,a0arcMOm4TNg0cNe7kdZrxmTu9ISwdACt6rmmMt0_NteUT8,tidepod flow,0,768,757,False,False,True,True
217,136579ee-a212-34b0-b4b8-69ba529f4d7f,RANKED_SOLO_5x5,MASTER,I,mygHXg-wQgkztIV-QpyGAa3JD-N6ggoCbSceCpIh_Jxr8H0,SNP XD ,0,731,700,False,False,True,False
218,136579ee-a212-34b0-b4b8-69ba529f4d7f,RANKED_SOLO_5x5,MASTER,I,3i7mZMFNlwDQH-4INJmZ8oCV0KMT8tH5u6c9mwumFaxgyXw,Dragoxx,0,721,720,False,False,False,False
219,136579ee-a212-34b0-b4b8-69ba529f4d7f,RANKED_SOLO_5x5,MASTER,I,sQGm3ns-jsrtNEobNK1Rt-nn1YJaRYV8b3nw26g16uLp3fQ,ChairmanNetero,0,696,680,False,False,False,False
220,136579ee-a212-34b0-b4b8-69ba529f4d7f,RANKED_SOLO_5x5,MASTER,I,894ZlJ65iAAPHY92Jd2dRsOJSbXthGI-ZUuMJlELo1kMTiY,Gmandlife,0,678,686,False,False,True,False
221,136579ee-a212-34b0-b4b8-69ba529f4d7f,RANKED_SOLO_5x5,MASTER,I,ExXwQGoKAdjNQ93-WoqeyjHooh_WGF66Vo37RQeRl7SpjSM,Doctor Yas,0,666,643,False,False,True,True
222,136579ee-a212-34b0-b4b8-69ba529f4d7f,RANKED_SOLO_5x5,MASTER,I,1V58eBJKe4AEAm8jG3F7L5GKEtYqwBKXsZlvd3DuXTJ9ARw,MrJimmyOG supp,0,633,621,False,False,True,False
223,136579ee-a212-34b0-b4b8-69ba529f4d7f,RANKED_SOLO_5x5,MASTER,I,2T1OEgNTWZRKBCLuz2UVSN9sCxRrPbXq2nw2OwMcs1zHz4s,Joggerss,0,630,624,False,False,True,False
224,136579ee-a212-34b0-b4b8-69ba529f4d7f,RANKED_SOLO_5x5,MASTER,I,RnpdxZW9HYl5Troyl0DzE2iX1f0TJEIEbJGe-HH7HUzDT_s,f123fda1er32,0,625,622,False,False,False,False
225,136579ee-a212-34b0-b4b8-69ba529f4d7f,RANKED_SOLO_5x5,MASTER,I,lQbDNddaR4LwN3hld7ZBpZ2HE9HZzo7ywZwsuzU96lGOMUoA,Absen,0,624,622,False,False,True,True
226,136579ee-a212-34b0-b4b8-69ba529f4d7f,RANKED_SOLO_5x5,MASTER,I,C3WjtY-ghf3WC0YFCmrJePgowJuusg5FWBkMvrCdqYkjNpE,Ðaniels,0,619,572,False,False,True,True
227,136579ee-a212-34b0-b4b8-69ba529f4d7f,RANKED_SOLO_5x5,MASTER,I,_lkN5gH2tXENLOtzlzESTVfQ5C5wJXdxPKf25zPZ4OtVr79v,LegalBlink,0,612,518,False,False,True,False
228,136579ee-a212-34b0-b4b8-69ba529f4d7f,RANKED_SOLO_5x5,MASTER,I,aA7GBkSk5rdJz1VDwp6eg8XdmwN0K1qZpklYRD60TQVC6Yk,Koskinen,0,587,591,False,False,True,False
229,136579ee-a212-34b0-b4b8-69ba529f4d7f,RANKED_SOLO_5x5,MASTER,I,LBHu3YCuMKsAoJbffGFOy41tWpQwlJhgjhDz6YP7aWZjKHY,404NótFound,0,574,556,False,False,True,True
230,136579ee-a212-34b0-b4b8-69ba529f4d7f,RANKED_SOLO_5x5,MASTER,I,owwrTz7SfdkeyJx4tQr5BtY-h6GQJE6PlJoqmNsn1r6UD_A,BoomBibi,0,558,520,False,False,True,True
231,136579ee-a212-34b0-b4b8-69ba529f4d7f,RANKED_SOLO_5x5,MASTER,I,_5ia1HA9ZuTg6AeaiSF6Kdksw-wVSP-2wVe1E6oVJyDsPcU,GaNsiL,0,534,468,False,False,True,False
232,136579ee-a212-34b0-b4b8-69ba529f4d7f,RANKED_SOLO_5x5,MASTER,I,gE-saMlriIRMfA4i6ndFo5lXBTkTykXK9NRfNSBzB3cEXSw,Stamps,0,521,484,False,False,True,False
233,136579ee-a212-34b0-b4b8-69ba529f4d7f,RANKED_SOLO_5x5,MASTER,I,9wYE5BwXlcPOsrw-13uRY8fpV0qz6_hVA-FzZva7W3HG8zI,El Gran Andresu7,0,511,501,False,False,True,True
234,136579ee-a212-34b0-b4b8-69ba529f4d7f,RANKED_SOLO_5x5,MASTER,I,xET5MOGCZe7gaoyiYOhhb3KnkR9m78No8rXuUV8STnOXOBQ,Ixaocan Qiyana,0,503,445,False,False,True,False
235,136579ee-a212-34b0-b4b8-69ba529f4d7f,RANKED_SOLO_5x5,MASTER,I,L9JUR1kA25bZrAjxcoKC_JXSKs19b50MZV5ZrwhZbGHw170,Pr0Dark,0,501,464,False,False,False,False
236,136579ee-a212-34b0-b4b8-69ba529f4d7f,RANKED_SOLO_5x5,MASTER,I,2BkBNIkdsRAVING-eCWdBJzISX_QtD-DbdPFNgzY2n174zxR,ADCADC123,0,499,426,False,False,True,False
237,136579ee-a212-34b0-b4b8-69ba529f4d7f,RANKED_SOLO_5x5,MASTER,I,wNYFrFnhvGEFd6jD3ZC0F5Ir0GGJiy0MxE1m8QPdo9qwrOA,lllIIIlIlIllIIl,0,495,493,False,False,False,False
238,136579ee-a212-34b0-b4b8-69ba529f4d7f,RANKED_SOLO_5x5,MASTER,I,o27DZOVBBEM88gXp8ZpvkPz_98Glqu6KjWMh4Cze28Np8do,Strong ass girl,0,491,487,False,False,True,False
239,136579ee-a212-34b0-b4b8-69ba529f4d7f,RANKED_SOLO_5x5,MASTER,I,MDWuFmJn6S8PLfy-oS9FoK6bA7_ZVCVeApncEfpd9RhnNlnx,LL Trigger,0,484,478,False,False,True,False
240,136579ee-a212-34b0-b4b8-69ba529f4d7f,RANKED_SOLO_5x5,MASTER,I,Qx9mtQB5VnPIH28PEGs1LpmafJmlpH3o76VmP4DEA2z0Aj8,0122ˉ,0,441,360,False,False,True,True
241,136579ee-a212-34b0-b4b8-69ba529f4d7f,RANKED_SOLO_5x5,MASTER,I,Yk5TaOQR8mE7qBGfUmQjy68d60gT-rbl7_bwlbV_Kkyd2Iw,The Nine Tail,0,439,423,False,False,True,True
242,136579ee-a212-34b0-b4b8-69ba529f4d7f,RANKED_SOLO_5x5,MASTER,I,1Bw8gLEfA90sbb0Rd91OlLz-Tt0PkACKqweV-Y3exNC5OWA,Fated Enigma,0,429,427,False,False,True,True
243,136579ee-a212-34b0-b4b8-69ba529f4d7f,RANKED_SOLO_5x5,MASTER,I,smt2BPrWpzaBYZiUUojogyScZNSUeJQxaDj2yMbZgs6L_0Q,ZileanWaysToDie,0,428,414,False,False,True,True
244,136579ee-a212-34b0-b4b8-69ba529f4d7f,RANKED_SOLO_5x5,MASTER,I,y4xNQ3kmJeWSZpbkDri69jeBqk678Fa8y-zghVaXOIdmdLE,Sonny2o9,0,425,425,False,False,True,False
245,136579ee-a212-34b0-b4b8-69ba529f4d7f,RANKED_SOLO_5x5,MASTER,I,WeBwtXoR9V3ZT7X00ePUAuC0K66rRD2-usvST8AoRdSsTFM,Rat,0,424,367,False,False,True,False
246,136579ee-a212-34b0-b4b8-69ba529f4d7f,RANKED_SOLO_5x5,MASTER,I,D19gZByBHRj2IMPh76lsYfl7Q969cZP9nkMauzyCIeIkEWg,i am nice guy ,0,411,377,False,False,True,True
247,136579ee-a212-34b0-b4b8-69ba529f4d7f,RANKED_SOLO_5x5,MASTER,I,qlO7Rjc1i8JLjM_9yHa21vhvOEUG-4GcBd1IfKRbdcXYwpEf,SuppIncarnation,0,407,371,False,False,True,False
248,136579ee-a212-34b0-b4b8-69ba529f4d7f,RANKED_SOLO_5x5,MASTER,I,pn742YL9sXLnzV9YKVD8sVpvSmEJ2Ypq-w_s0B69gHM0Y8g,Daikong,0,395,386,False,False,False,False
249,136579ee-a212-34b0-b4b8-69ba529f4d7f,RANKED_SOLO_5x5,MASTER,I,NU_49K9TtF1RzMbonBpsUX7QB9707sZSnVIYaEbC92jKEVA,Aidan 2,0,370,360,False,False,True,False
250,136579ee-a212-34b0-b4b8-69ba529f4d7f,RANKED_SOLO_5x5,MASTER,I,NsJgMIGgAYDP-htNambw3SZrOLV5864VwwHcxsd4XsKFIj0,Koggle,0,370,364,False,False,False,False
251,136579ee-a212-34b0-b4b8-69ba529f4d7f,RANKED_SOLO_5x5,MASTER,I,BEtZTKEei9WShNqeEWVGxy7NqU2BWsMeQNSLubUTus8fmK0,Chovy Dopa Faker,0,368,342,False,False,False,False
252,136579ee-a212-34b0-b4b8-69ba529f4d7f,RANKED_SOLO_5x5,MASTER,I,gNqzAd09uuyR1RmCzALGaZUJBHATtzmlMKNIKn52tbD9i_0,HwangY bf,0,367,322,False,False,True,False
253,136579ee-a212-34b0-b4b8-69ba529f4d7f,RANKED_SOLO_5x5,MASTER,I,UyxOd9N3YK482zpC2En-llVbqx0apERO_2xzPF--5An06Jg,Daltwon,0,361,357,False,False,True,False
254,136579ee-a212-34b0-b4b8-69ba529f4d7f,RANKED_SOLO_5x5,MASTER,I,wsubaOhU7_rSYluAdwa3Sy59-fCcUBeV_ZdtdkzXE0NKaeQ,AiHe BingKeLe,0,359,346,False,False,False,False
255,136579ee-a212-34b0-b4b8-69ba529f4d7f,RANKED_SOLO_5x5,MASTER,I,41q3nZb34t-Q8XZfTMiZwXwHrvcyM-Refq_QQl3qS-DIORQ,AGR Infextionz,0,354,294,False,False,True,False
256,136579ee-a212-34b0-b4b8-69ba529f4d7f,RANKED_SOLO_5x5,MASTER,I,SC6hv4lAi1ppF2jn_ulMnMOfclXxq09JMgROjKdT42qGLK4,Occasional God,0,353,336,False,False,True,False
257,136579ee-a212-34b0-b4b8-69ba529f4d7f,RANKED_SOLO_5x5,MASTER,I,1GsztImzqK8yEuVdN1EKAcGVgAN5UTKP8mRVu5YP8CM0Kgw,Dog Sup Maniac,0,353,353,False,False,False,False
258,136579ee-a212-34b0-b4b8-69ba529f4d7f,RANKED_SOLO_5x5,MASTER,I,23t_9k-nJ0gxSvogfxpYb_NmZGaowtrG7r7c8K0SfwoHfH0,Might of Meek,0,350,309,False,False,True,True
259,136579ee-a212-34b0-b4b8-69ba529f4d7f,RANKED_SOLO_5x5,MASTER,I,SsrfxPwf8HFEtbRZ3-Ke6ARiEYBtC5IUCUOVzLz09U0bm3U,Without A Brain,0,350,339,False,False,True,False
260,136579ee-a212-34b0-b4b8-69ba529f4d7f,RANKED_SOLO_5x5,MASTER,I,rDx9U1jBOm6WmwNVaNEAMqnjTSsyJeqMuJjtunVpjQNe54hc,tdo1,0,328,241,False,False,True,False
261,136579ee-a212-34b0-b4b8-69ba529f4d7f,RANKED_SOLO_5x5,MASTER,I,J4nOoxwwJWq-X58GARJwhVtVExfLLkCGzUNykz4DmPcLhm8,MrBrobo,0,324,304,False,False,True,False
262,136579ee-a212-34b0-b4b8-69ba529f4d7f,RANKED_SOLO_5x5,MASTER,I,dwlftQzvciSKIs9A0YJhL_pS0mkjI6V0wlDI23DsXkULwBs,TheShyWukong,0,323,311,False,False,True,False
263,136579ee-a212-34b0-b4b8-69ba529f4d7f,RANKED_SOLO_5x5,MASTER,I,xZALLIfpf6vUEM8Vt7DT86A38nbBFKAynp3AIHnOOLMVofo,iPav,0,320,307,False,False,True,False
264,136579ee-a212-34b0-b4b8-69ba529f4d7f,RANKED_SOLO_5x5,MASTER,I,oe2Rlk8PUODeGeS_XdJXKNt-zF2Tv-FcOTS_bA812iONQATX,cêsuno,0,316,233,False,False,True,True
265,136579ee-a212-34b0-b4b8-69ba529f4d7f,RANKED_SOLO_5x5,MASTER,I,kJ2v3jiNfjhnvCektGna6eE8YEYPqljA_aSclfNBLEJP7bo,kadó,0,312,271,False,False,True,True
266,136579ee-a212-34b0-b4b8-69ba529f4d7f,RANKED_SOLO_5x5,MASTER,I,4ewzC4GDL7OrUCxxHDiPUgnszsH_4q_Uv7w9zwG1uDlG6-E,NinetaIes,0,303,236,False,False,True,False
267,136579ee-a212-34b0-b4b8-69ba529f4d7f,RANKED_SOLO_5x5,MASTER,I,Y-M2VflWWbsrJ-Lt2wtirxTfOA8hUu5uffyvxTt2w_rofH0c,BecomeWhat v2,0,301,234,False,False,False,False
268,136579ee-a212-34b0-b4b8-69ba529f4d7f,RANKED_SOLO_5x5,MASTER,I,907ET1bIiqp3davhN8AYlqydSy7FF84ivrwNTiSLMJpPzPA,zzlzz,0,297,258,False,False,True,True
269,136579ee-a212-34b0-b4b8-69ba529f4d7f,RANKED_SOLO_5x5,MASTER,I,iJ3-jfBZN1kJj9HcdDUBr3FwmhBw5t576Ju3vbpkM2RvCzI,Solarcellz,0,297,287,False,False,True,False
270,136579ee-a212-34b0-b4b8-69ba529f4d7f,RANKED_SOLO_5x5,MASTER,I,_s8LQp73jxJyszZUEWZE0qfW_YFnCtc35nZKCxz1N9R0I8s,Zy Power,0,292,165,False,False,True,False
271,136579ee-a212-34b0-b4b8-69ba529f4d7f,RANKED_SOLO_5x5,MASTER,I,shib_SAba6yKW-1loqnXLF8gXblMWm7sHqna3J6Ei6Pvf3K5,FF250KG,0,292,174,False,False,True,False
272,136579ee-a212-34b0-b4b8-69ba529f4d7f,RANKED_SOLO_5x5,MASTER,I,YM8Cls7mqVXe1vP7mGirjASovp8vwYcuiw21FxhHndN9klc,0O1,0,291,266,False,False,True,False
273,136579ee-a212-34b0-b4b8-69ba529f4d7f,RANKED_SOLO_5x5,MASTER,I,K7Dh14j5F_VdkvALk3WkPtkHHuzCOHe-VgaeDrYCBmbW,lubenweiniub1QAQ,0,288,260,False,False,True,False
274,136579ee-a212-34b0-b4b8-69ba529f4d7f,RANKED_SOLO_5x5,MASTER,I,YmT4_1J-DwEezBdP8Fvv1ETp1bS37CT4vaKllWzdLvjs5ps,Penguin Thrower,0,283,272,False,False,True,False
275,136579ee-a212-34b0-b4b8-69ba529f4d7f,RANKED_SOLO_5x5,MASTER,I,w479MOjl8IfynmlLcXvyKmX-ie6skpizx6YekSPm5f0LWrc,Alternate Time,0,278,228,False,False,True,True
276,136579ee-a212-34b0-b4b8-69ba529f4d7f,RANKED_SOLO_5x5,MASTER,I,lhn5peW4-6p4OYnB9WB7NmAnigF-W5zuv8aDz16gfyxnrzs,AZ Cat,0,276,243,False,False,True,False
277,136579ee-a212-34b0-b4b8-69ba529f4d7f,RANKED_SOLO_5x5,MASTER,I,NIuiH5vVV1tTWQfGfhcYmA-q6csUm9pmVj3HKy2_ZYi58H8,             Ccº,0,274,244,False,False,True,False
278,136579ee-a212-34b0-b4b8-69ba529f4d7f,RANKED_SOLO_5x5,MASTER,I,sDyOwjRnWbAS785dWojHs34Ee1h3xhz_M4b2Jp78HmAQVIE,ShowMakèr,0,269,248,False,False,True,True
279,136579ee-a212-34b0-b4b8-69ba529f4d7f,RANKED_SOLO_5x5,MASTER,I,PcG1Dewuk37IsBoo9E4hFOzwLStFZgAMaB4v0Yk_IR5O8gE,Slash Døg,0,261,243,False,False,True,False
280,136579ee-a212-34b0-b4b8-69ba529f4d7f,RANKED_SOLO_5x5,MASTER,I,dWYzkfqeqGKo9j-x_1qUNoPtz1hg8Qijol-NBKpQAFSDKNU,Synotic,0,255,249,False,False,True,False
281,136579ee-a212-34b0-b4b8-69ba529f4d7f,RANKED_SOLO_5x5,MASTER,I,xsCRn_zte4XP0LlKTJ8_EELF4zHJubm8ct7q7AwuYHQwT78,DJtoilet,0,243,200,False,False,True,True
282,136579ee-a212-34b0-b4b8-69ba529f4d7f,RANKED_SOLO_5x5,MASTER,I,yhu4FWFpfvm50hE5zGmDN97ICuv8iQcf-eIIe0ndYl4rpj0,Lucca ,0,240,226,False,False,True,False
283,136579ee-a212-34b0-b4b8-69ba529f4d7f,RANKED_SOLO_5x5,MASTER,I,yqPjZGKxQaCNd9pUJe9P9M2cE00XH7wJjBzsMW522bwFKv9o,Man1Ac88,0,239,207,False,False,True,False
284,136579ee-a212-34b0-b4b8-69ba529f4d7f,RANKED_SOLO_5x5,MASTER,I,C-LbZhkhbrg254eyxXo4LKwzMGb2yxlzSbzMaAUowClTwbe5,HeIena Harper,0,238,176,False,False,True,True
285,136579ee-a212-34b0-b4b8-69ba529f4d7f,RANKED_SOLO_5x5,MASTER,I,oXq6a_T00zlYhM34uJlxSuInIElL5yXGZpnPaH-0NJ6A1m0,yes it is me,0,233,164,False,False,True,False
286,136579ee-a212-34b0-b4b8-69ba529f4d7f,RANKED_SOLO_5x5,MASTER,I,nMQnHB58WTN68ZxkUmJddalXMIci6LTmUncPs2yfxoWyLHA,captaín zero LP,0,233,223,False,False,True,True
287,136579ee-a212-34b0-b4b8-69ba529f4d7f,RANKED_SOLO_5x5,MASTER,I,40nBmCPStRAFjdV7GgJdMWkqSBQ4Qj8HFPWVFnU7bmXAEso,Amayzing,0,231,216,False,False,False,False
288,136579ee-a212-34b0-b4b8-69ba529f4d7f,RANKED_SOLO_5x5,MASTER,I,RPc06h8_6mo0pfXC6EBSlUVzAFpPIdL6ftdTpMaoZM0o4BI,Swiftah,0,228,203,False,False,True,False
289,136579ee-a212-34b0-b4b8-69ba529f4d7f,RANKED_SOLO_5x5,MASTER,I,3RuSInLyEwcykvp7DdslAN5OdyozyY6AlaQv7bqlJoSoqIs,Aiden Yasuo,0,227,177,False,False,True,False
290,136579ee-a212-34b0-b4b8-69ba529f4d7f,RANKED_SOLO_5x5,MASTER,I,bPuyCS5WYIbKCr-vBr9mRgCfAeA8SJu19XKtu9P0Mob0M64,Kosmish,0,227,178,False,False,True,False
291,136579ee-a212-34b0-b4b8-69ba529f4d7f,RANKED_SOLO_5x5,MASTER,I,YAJTVKH0WpeDRnzqywngawxWpdI81A_JSO233OyQmsCGqsU, Lwj,0,227,196,False,False,True,False
292,136579ee-a212-34b0-b4b8-69ba529f4d7f,RANKED_SOLO_5x5,MASTER,I,20WUPrWRh3xqiRWUB86wH_U984oDa2KymP1o48Pg_6zUu2o,EleJiggle,0,225,220,False,False,False,False
293,136579ee-a212-34b0-b4b8-69ba529f4d7f,RANKED_SOLO_5x5,MASTER,I,z96rTy8QkfqCIT-sLoStUqvnqoTwDB5g_jyEyYemLOCZIzs,Save Bees,0,222,219,False,False,False,False
294,136579ee-a212-34b0-b4b8-69ba529f4d7f,RANKED_SOLO_5x5,MASTER,I,uJt5ZHATsT2qG4npENb7-AM8S_etDKHrxSEtrcUWomXCOMI,Dans la Jungle,0,220,167,False,False,True,False
295,136579ee-a212-34b0-b4b8-69ba529f4d7f,RANKED_SOLO_5x5,MASTER,I,GyqvJwQFpycZrbJg2iUPF9uugiMvk_i8Y75LYl0LvnFcI80,01133699,0,217,198,False,False,True,False
296,136579ee-a212-34b0-b4b8-69ba529f4d7f,RANKED_SOLO_5x5,MASTER,I,4uEqk5Bf4-bAnJkHRvdDXkJNyzvozSnbe272nr5PV2gCb0A,Riot Koyuncu,0,215,202,False,False,True,True
297,136579ee-a212-34b0-b4b8-69ba529f4d7f,RANKED_SOLO_5x5,MASTER,I,FhHQt-kVGwZq-Yslg59pklNQ_xXA0z3G1-hU3KqwVFfX6xQ,vivere memento,0,212,181,False,False,True,False
298,136579ee-a212-34b0-b4b8-69ba529f4d7f,RANKED_SOLO_5x5,MASTER,I,E2A7D1BRj6k9yTdyD4XswEOa1cOS-ElShKShcJc0KSuDZJY,Good Sir,0,210,202,False,False,True,False
299,136579ee-a212-34b0-b4b8-69ba529f4d7f,RANKED_SOLO_5x5,MASTER,I,hIwW74HKmZr9VKZdlfALezss3vkkGNttXr_XwCvMiaYOQaY,Wanted Trixx,0,208,187,False,False,True,False
300,136579ee-a212-34b0-b4b8-69ba529f4d7f,RANKED_SOLO_5x5,MASTER,I,ZbqZYC3W_2B9V6rnni8zLSLY4IKKn34YRkqBhm5RI34zxbI,I smoke menthols,0,207,110,False,False,True,True
301,136579ee-a212-34b0-b4b8-69ba529f4d7f,RANKED_SOLO_5x5,MASTER,I,mld2jYjdSPLCCGtiMFaDgyf2wsQEbEKZXa5zSmUzG7kiLug,IS THAT FEEDABOI,0,205,194,False,False,True,False
302,136579ee-a212-34b0-b4b8-69ba529f4d7f,RANKED_SOLO_5x5,MASTER,I,d9E7TJHTQDgf025nsKn1bTtCl1viUHEDwIkEwsxJaX5sa38,GONEBYSPRING,0,203,125,False,False,True,False
303,136579ee-a212-34b0-b4b8-69ba529f4d7f,RANKED_SOLO_5x5,MASTER,I,aPlMQuaISKqFlioosQhmmOmQtcxyx_WWVOjnwp-wtYxjlU0,Da Diao Meng Me1,0,202,137,False,False,True,True
304,136579ee-a212-34b0-b4b8-69ba529f4d7f,RANKED_SOLO_5x5,MASTER,I,YrDgLJfC2zFPIxL46TxK9gXw-jebNAg8h7du60bPDK9FxBeO,1liiLlili1iilI,0,202,143,False,False,True,True
305,136579ee-a212-34b0-b4b8-69ba529f4d7f,RANKED_SOLO_5x5,MASTER,I,ifZTlO5nlO3UxHCVnK2_NxbKBIUFjbcLEwmxlwoWZuaFagkY,upupupupupupup,0,202,144,False,False,True,True
306,136579ee-a212-34b0-b4b8-69ba529f4d7f,RANKED_SOLO_5x5,MASTER,I,WR0y27dTQJECpI375jdxnXyw7pIQoWo-JJSYedRjj3rwYtc,A Lonely Meow,0,199,142,False,False,True,False
307,136579ee-a212-34b0-b4b8-69ba529f4d7f,RANKED_SOLO_5x5,MASTER,I,Ipl_qZl9EJvme92IvljFBBnMRhF4jhiBDNM61XhdvsX3BSU,xStolen,0,197,166,False,False,True,False
308,136579ee-a212-34b0-b4b8-69ba529f4d7f,RANKED_SOLO_5x5,MASTER,I,midGDcDNNnWtUmnffUNjHElDu1ujbVlsVH963HYD5ojY6Ss,Next to none,0,196,148,False,False,True,True
309,136579ee-a212-34b0-b4b8-69ba529f4d7f,RANKED_SOLO_5x5,MASTER,I,TyxKF2HfOf0kEhrA91_zyle98Glw9HADUp6nWO4CexhVsN8,Princess Bouis,0,196,158,False,False,True,False
310,136579ee-a212-34b0-b4b8-69ba529f4d7f,RANKED_SOLO_5x5,MASTER,I,vb8lA3bQU0Yk9hDYQvS0FrMu91HCO5jxKAqK6l01ULDHhiuH,PsyOp Pyke,0,195,166,False,False,True,True
311,136579ee-a212-34b0-b4b8-69ba529f4d7f,RANKED_SOLO_5x5,MASTER,I,-I5WNrz13EDjlp0g0RolL6SuX3YxFFHV3chuVFvvMLzbQLKj,Katbrotunes,0,194,81,False,False,True,False
312,136579ee-a212-34b0-b4b8-69ba529f4d7f,RANKED_SOLO_5x5,MASTER,I,NegJoIuMWsCbtE7GgvQLTzEXAOXmxhdVIPE9DB9cQInBr8gk,Kiwi Lover,0,194,128,False,False,True,False
313,136579ee-a212-34b0-b4b8-69ba529f4d7f,RANKED_SOLO_5x5,MASTER,I,n4oqprZ__OiQPm7ZY1LKrX42cY0mFu7jDyRjy69QIQyfxq0,FeedOnBirthday,0,194,170,False,False,True,False
314,136579ee-a212-34b0-b4b8-69ba529f4d7f,RANKED_SOLO_5x5,MASTER,I,Rd0hv90eYQs_sOAMNBV4HoSSRTrT-yL1fTNdpucfEMHzD5A,Nappy,0,194,171,False,False,True,False
315,136579ee-a212-34b0-b4b8-69ba529f4d7f,RANKED_SOLO_5x5,MASTER,I,YJGPOVYPGFzUWj6H6R0sOnnHtCLWWFIB7tS2sddlDbpGa-I,From Zero,0,192,184,False,False,True,False
316,136579ee-a212-34b0-b4b8-69ba529f4d7f,RANKED_SOLO_5x5,MASTER,I,_MDNzIDl9vqTT9ZlbFLHGk0L22EiD6IfSCy183NFmT6zOXz4,PS6,0,190,129,False,False,True,False
317,136579ee-a212-34b0-b4b8-69ba529f4d7f,RANKED_SOLO_5x5,MASTER,I,dN_kgDsVxq2w2MPsbKla7sMbexqTi_HIGsl-51SfOif9NYFc,BE zack,0,190,169,False,False,True,False
318,136579ee-a212-34b0-b4b8-69ba529f4d7f,RANKED_SOLO_5x5,MASTER,I,GY2ltxfy1CYBLtHPCLN0oz9DU6tkQdGdaa73sNtBdvOaqGU,llBrightll,0,188,135,False,False,False,False
319,136579ee-a212-34b0-b4b8-69ba529f4d7f,RANKED_SOLO_5x5,MASTER,I,q0PyoWCZLcHZWQ2gROC5fwcMgf2VzZYJJo_Ww2iZ85r8VJ8,leave you,0,184,145,False,False,True,False
320,136579ee-a212-34b0-b4b8-69ba529f4d7f,RANKED_SOLO_5x5,MASTER,I,djuzgHvLhP9yI54lHv_EXQadMGg0-LSDIlW5zxOyDtgHoXY,MightyMongoose,0,183,152,False,False,True,False
321,136579ee-a212-34b0-b4b8-69ba529f4d7f,RANKED_SOLO_5x5,MASTER,I,ig7Ec35OpvrACkJpTgMP-4Ykvh7DlumN16wYpMHtWB4H2II,Melody love me,0,183,172,False,False,False,False
322,136579ee-a212-34b0-b4b8-69ba529f4d7f,RANKED_SOLO_5x5,MASTER,I,7d1txmMZByAamkkpgYnpbLc3Xsrbx3f31XZ7XAkIwQbX4ww,yydsts,0,180,135,False,False,True,True
323,136579ee-a212-34b0-b4b8-69ba529f4d7f,RANKED_SOLO_5x5,MASTER,I,auRjJZQtaFeD6ohJ6djU-epK5b8jRarsccWLtHLNBiFwuU8,OG We Wuz Kangz,0,178,163,False,False,True,True
324,136579ee-a212-34b0-b4b8-69ba529f4d7f,RANKED_SOLO_5x5,MASTER,I,QKe5jNl0U5OBZ_qjNtOsupXOLrCu1xIaZNRozKSDFSb7UJU,ºAhelaº,0,177,150,False,False,True,True
325,136579ee-a212-34b0-b4b8-69ba529f4d7f,RANKED_SOLO_5x5,MASTER,I,miI4F0OAdA1Qc-4ZPQNhIs-IDG5RP2chSPGFZ6A8atg7H-U,SSlBURE,0,176,136,False,False,True,False
326,136579ee-a212-34b0-b4b8-69ba529f4d7f,RANKED_SOLO_5x5,MASTER,I,bhAxh1V_lMHXiDRWb5ADIHEJwibJiNCf633GZbIgtf3D51By,EU Red,0,175,166,False,False,True,False
327,136579ee-a212-34b0-b4b8-69ba529f4d7f,RANKED_SOLO_5x5,MASTER,I,RC_i0g2TAH0uK_oK1ycc32DTfFRHD7NZz1lxWGpGxw_pjPc,aberam,0,174,168,False,False,True,False
328,136579ee-a212-34b0-b4b8-69ba529f4d7f,RANKED_SOLO_5x5,MASTER,I,VuhPPPzA8ByJBdmhYKErnvwaifQwdBoCDaOHfSUdua2ic4A,Ñevęr Bełiëve,0,172,76,False,False,True,True
329,136579ee-a212-34b0-b4b8-69ba529f4d7f,RANKED_SOLO_5x5,MASTER,I,LMgQROeg8z7VpyQNGUywLnWri1ylU8q8wdggFMFaV4yCYAb8,TwTv Skunksmen,0,170,104,False,False,True,False
330,136579ee-a212-34b0-b4b8-69ba529f4d7f,RANKED_SOLO_5x5,MASTER,I,O9OdjqXgMMI9SoVBzoBHxIV_OesIRRrBGEEceDEHSfsYpgo,supercoolisaac,0,168,160,False,False,True,False
331,136579ee-a212-34b0-b4b8-69ba529f4d7f,RANKED_SOLO_5x5,MASTER,I,Oqc8j8z48gVT-ehHoOsoQMNyQy8VsKNI5B_HF57GPahDdPk,Chookies,0,167,164,False,False,True,False
332,136579ee-a212-34b0-b4b8-69ba529f4d7f,RANKED_SOLO_5x5,MASTER,I,bFUnDsEYduepCpTn44R6WRZzUdt0jZHIuFb-ffEkRX7Mur4,Rìchie,0,162,140,False,False,True,False
333,136579ee-a212-34b0-b4b8-69ba529f4d7f,RANKED_SOLO_5x5,MASTER,I,VBZjIg8bIxPK3Zk0Z0LiZN_cm58y4hAWi_6jBnxBc30wlbM,X2JIE,0,161,116,False,False,True,False
334,136579ee-a212-34b0-b4b8-69ba529f4d7f,RANKED_SOLO_5x5,MASTER,I,K38nZfgVDF5048-3GZ9l2EcZkmeeBMKO3NOhgM8Ij4On9fs,L9rd,0,161,117,False,False,True,True
335,136579ee-a212-34b0-b4b8-69ba529f4d7f,RANKED_SOLO_5x5,MASTER,I,evgxceN8nnnyBqY5_fjiTx2Nl2kAspx1FcnvT_vEnvW3NCM,andrxmeda,0,157,142,False,False,True,False
336,136579ee-a212-34b0-b4b8-69ba529f4d7f,RANKED_SOLO_5x5,MASTER,I,ARlAQtJNqMqe8JVDEdbbDgzYBiqoNHaisipPHzNLtXRqIBA,Qiu Ni Ai Wo,0,153,138,False,False,True,False
337,136579ee-a212-34b0-b4b8-69ba529f4d7f,RANKED_SOLO_5x5,MASTER,I,d5Ua7cPaWbvianPGyUJnJk6qOhJRaSjFYqHiiav5zofduo0,Tonington,0,150,140,False,False,True,False
338,136579ee-a212-34b0-b4b8-69ba529f4d7f,RANKED_SOLO_5x5,MASTER,I,4PPLRnLr-uHoRBmXoQbftwOdsqBTwo0km-7NxAnqIJqIX4c,Susan the Cane,0,149,112,False,False,True,False
339,136579ee-a212-34b0-b4b8-69ba529f4d7f,RANKED_SOLO_5x5,MASTER,I,JRO61GgM2qDAFsvWN_cKYs19EJWnHqRSycUca1XeBByc8kE,MYholiday,0,145,123,False,False,True,False
340,136579ee-a212-34b0-b4b8-69ba529f4d7f,RANKED_SOLO_5x5,MASTER,I,wdbuty3_ea7n_Q5iHhESqjJEV7p-C32c24ERM0NpBp_ptrM,Awaker Allan,0,145,129,False,False,True,False
341,136579ee-a212-34b0-b4b8-69ba529f4d7f,RANKED_SOLO_5x5,MASTER,I,kaCkPNpBbjW3czYDm7IsA-JsDLvuyCiVerV4Z8NFPdzja8k,HOLYMOLLY420,0,144,134,False,False,True,False
342,136579ee-a212-34b0-b4b8-69ba529f4d7f,RANKED_SOLO_5x5,MASTER,I,beY7jN82uYBROPPZt9nXdKosKqk0WHH4s0tw0nUTktdoKTE,apaperbird,0,143,90,False,False,True,False
343,136579ee-a212-34b0-b4b8-69ba529f4d7f,RANKED_SOLO_5x5,MASTER,I,GoX6SWqKdVpuuVVx50hI0_IXNXJau7cxBPssObMYbpkiOzg,Benhart Vance,0,141,127,False,False,True,True
344,136579ee-a212-34b0-b4b8-69ba529f4d7f,RANKED_SOLO_5x5,MASTER,I,FzPF9HAAaTwN-h5ChM0-GvbFhEsEN3-8H6hEzLkpFUVEZA4,smooth groove,0,138,131,False,False,False,False
345,136579ee-a212-34b0-b4b8-69ba529f4d7f,RANKED_SOLO_5x5,MASTER,I,H0umJ0JL1g_SQsE-rTe00b_-jNvnRVaekMs-SzF6wG_MECI,TwTV Nana,0,137,130,False,False,False,False
346,136579ee-a212-34b0-b4b8-69ba529f4d7f,RANKED_SOLO_5x5,MASTER,I,guniCs_jNiQR3s-hWxVxFUvY1c2mLIwwDpc7hF89tDdtQic,brTT,0,136,118,False,False,True,True
347,136579ee-a212-34b0-b4b8-69ba529f4d7f,RANKED_SOLO_5x5,MASTER,I,i5FHgEIoHN7DWDtepxqjZDEdkOoVoq3icOHsCMwoP3-zodUM,Meeks Coaching,0,135,71,False,False,True,False
348,136579ee-a212-34b0-b4b8-69ba529f4d7f,RANKED_SOLO_5x5,MASTER,I,LEAJCZsHVuK0QteyECIH2wrcDZ0e2y9GsqJ11HsNMPs0QQUv,YOU ARE SO BAD,0,128,47,False,False,True,False
349,136579ee-a212-34b0-b4b8-69ba529f4d7f,RANKED_SOLO_5x5,MASTER,I,xuEh_lVMP-LNMg5zTGwu4qrP9Ja84tVM6LShkj4udFgi6rs,moutoN,0,126,92,False,False,True,True
350,136579ee-a212-34b0-b4b8-69ba529f4d7f,RANKED_SOLO_5x5,MASTER,I,d2KncdQdrHarGNEUmazGdrwAkDGEBkq8rrLYlzeNyn-Zgqc,No One Like Me,0,121,102,False,False,False,False
351,136579ee-a212-34b0-b4b8-69ba529f4d7f,RANKED_SOLO_5x5,MASTER,I,lIH0RcBwGmek86_vtMufyRMKPLIYhx6dUVz23NVep6BOgL8,shoemakerzzz,0,119,86,False,False,False,False
352,136579ee-a212-34b0-b4b8-69ba529f4d7f,RANKED_SOLO_5x5,MASTER,I,5hCtcJMgP3g9NUxea_m90X_cM15WI4kH6rhWwkkH3AjvI6cQ,Guintu,0,118,40,False,False,True,False
353,136579ee-a212-34b0-b4b8-69ba529f4d7f,RANKED_SOLO_5x5,MASTER,I,kogn3XHl24KSwjiLUy_iI8X2Obo1rsbgDUHiaDv6KGdIsLo,Houdini Brandini,0,118,98,False,False,False,False
354,136579ee-a212-34b0-b4b8-69ba529f4d7f,RANKED_SOLO_5x5,MASTER,I,P7zHAs3je2kGEtlAtpGQoNlFlKHb6t2u5fkykuwJyXtr,Hoocheroni,0,115,91,False,False,True,False
355,136579ee-a212-34b0-b4b8-69ba529f4d7f,RANKED_SOLO_5x5,MASTER,I,vA-VgylVdlFB6IwV_xHqjBDDAnOqhOE5hd2uaaEQfqkaH_Y,skyverylice,0,112,52,False,False,True,False
356,136579ee-a212-34b0-b4b8-69ba529f4d7f,RANKED_SOLO_5x5,MASTER,I,hJm4OKT5cAIyTepqGpOi1Mnp3zDUWuqj7pcXUH5wuA-SjlA,IneroZikzParth,0,112,75,False,False,True,False
357,136579ee-a212-34b0-b4b8-69ba529f4d7f,RANKED_SOLO_5x5,MASTER,I,Htgq6-LXQfjtctvYcK-oTEOWQOmJessOnbHmQbK7Wj_hWJE,ofkw,0,111,98,False,False,False,False
358,136579ee-a212-34b0-b4b8-69ba529f4d7f,RANKED_SOLO_5x5,MASTER,I,g0JtxmpxYjIZ2o7sY7kL7E1gezADqBPdBjBWbvwcEV38k1E,dioxide1,0,109,93,False,False,True,False
359,136579ee-a212-34b0-b4b8-69ba529f4d7f,RANKED_SOLO_5x5,MASTER,I,JflGs2gY24q-brMkgbrpx9Qr-Lg_DdsvscGoXb48ozmpbdI,Føxtrot,0,107,95,False,False,True,False
360,136579ee-a212-34b0-b4b8-69ba529f4d7f,RANKED_SOLO_5x5,MASTER,I,TigSzsFO48E22IzBQ7dOaDQ_S9fa7UY8SL9M-o0txgpf1cU,DamnYouFine,0,103,58,False,False,True,True
361,136579ee-a212-34b0-b4b8-69ba529f4d7f,RANKED_SOLO_5x5,MASTER,I,A44dnlVU-3ipSr7GGecIftRJL9BhmBQ6sFIXJHJdF_XtK40,Lawton,0,103,66,False,False,True,False
362,136579ee-a212-34b0-b4b8-69ba529f4d7f,RANKED_SOLO_5x5,MASTER,I,3NEB93sTSul4AnAYaSpgYR9Pl42npCVCXK9wOtruJyxsACQ,LucidDreams,0,89,60,False,False,True,False
363,136579ee-a212-34b0-b4b8-69ba529f4d7f,RANKED_SOLO_5x5,MASTER,I,b0Ja7o3tA6XrgntwqOf__nr4BQG2gkQOkBCNbiIYeDhj61XF,its fervor,0,86,25,False,False,True,True
364,136579ee-a212-34b0-b4b8-69ba529f4d7f,RANKED_SOLO_5x5,MASTER,I,ePYu5Io15MbMHea6HDmat0QLK9eB8gjU0Bj1yql7vOQfeDo,Ahri,0,86,52,False,False,True,True
365,136579ee-a212-34b0-b4b8-69ba529f4d7f,RANKED_SOLO_5x5,MASTER,I,AlhHaEURAVYZBO1m8Xvxzm7oZzwg-P3jnBZBqXkfz_C2Ceg,S L,0,85,34,False,False,True,False
366,136579ee-a212-34b0-b4b8-69ba529f4d7f,RANKED_SOLO_5x5,MASTER,I,FvEnT56dyHxdgZYuq6Z14MRs-IKOE6nVV42F6h0bDLDAZwk,ˉ Ø Pk Ø ˉ,0,83,51,False,False,False,False
367,136579ee-a212-34b0-b4b8-69ba529f4d7f,RANKED_SOLO_5x5,MASTER,I,u0L9UUNGgHq25r_ry7n_rNM8AWiA4AR3IvGor3bkzRSjlSI,lanse,0,66,47,False,False,True,False
368,136579ee-a212-34b0-b4b8-69ba529f4d7f,RANKED_SOLO_5x5,MASTER,I,GZPzTa8U27-JDINKaoeZ5-Y-KWRU-sCqncJYk2iiMQQ2Qqk,ohh,0,63,34,False,False,True,False
369,136579ee-a212-34b0-b4b8-69ba529f4d7f,RANKED_SOLO_5x5,MASTER,I,3q6C57UwiLExdg5m8OFw_FH67UJ9ekRe7TO7G4OKOfrduUlQ,Kindred Sörpresa,0,61,43,False,False,True,False
370,136579ee-a212-34b0-b4b8-69ba529f4d7f,RANKED_SOLO_5x5,MASTER,I,WTDdS3gDJhW-fC5YkuG9kygAlO6RKhQb3xQSILdN4Ciagrk,Seraphris,0,51,21,False,False,True,False
371,136579ee-a212-34b0-b4b8-69ba529f4d7f,RANKED_SOLO_5x5,MASTER,I,e4Hjdr6TRVtYdES6dLcvhiBHlkt_v-DdM-rDGltnRmpaaIs,WWWWWWWWWWWWANG,0,41,27,False,False,True,True
